system:index,baseline_vegetation_ha,baseline_year,comparable_baseline_vegetation_ha,criterion,fraction_of_comparable_baseline,fraction_of_full_baseline,loss_area_ha,target_year,.geo
0,60.00551738135556,2019,60.00551738135556,NDVI_only_drop_ge_0.20,4.994831449727004E-4,4.994831449727004E-4,0.02997174453735351,2020,"{""type"":""MultiPoint"",""coordinates"":[]}"
1,60.00551738135556,2019,60.00551738135556,NDMI_only_drop_ge_0.10,0.027767998533063977,0.027767998533063977,1.6662331186212263,2020,"{""type"":""MultiPoint"",""coordinates"":[]}"
2,60.00551738135556,2019,60.00551738135556,NDVI_and_NDMI_combined,0.0,0.0,0,2020,"{""type"":""MultiPoint"",""coordinates"":[]}"
3,61.63456645182906,2020,61.63456645106612,NDVI_only_drop_ge_0.20,0.046920716035481286,0.04692071603490048,2.891937990420475,2021,"{""type"":""MultiPoint"",""coordinates"":[]}"
4,61.63456645182906,2020,61.63456645106612,NDMI_only_drop_ge_0.10,0.4301885250122036,0.4301885250068786,26.514483231350784,2021,"{""type"":""MultiPoint"",""coordinates"":[]}"
5,61.63456645182906,2020,61.63456645106612,NDVI_and_NDMI_combined,0.04611024889490069,0.04611024889432992,2.841985199587955,2021,"{""type"":""MultiPoint"",""coordinates"":[]}"
6,42.09323297628687,2021,42.09323297628687,NDVI_only_drop_ge_0.20,0.022700301648747385,0.022700301648747385,0.9555290859327126,2022,"{""type"":""MultiPoint"",""coordinates"":[]}"
7,42.09323297628687,2021,42.09323297628687,NDMI_only_drop_ge_0.10,0.02449200732927858,0.02449200732927858,1.0309477705682488,2022,"{""type"":""MultiPoint"",""coordinates"":[]}"
8,42.09323297628687,2021,42.09323297628687,NDVI_and_NDMI_combined,0.014867954343160681,0.014867954343160681,0.6258402660474588,2022,"{""type"":""MultiPoint"",""coordinates"":[]}"
