year,omitted_control,omitted_control_loss_fraction,full_5_control_mean,loo_4_control_mean,loo_4_control_median,loo_4_control_max,change_in_control_mean_when_omitted_pp,treatment_loss_fraction,treatment_minus_loo_mean_pp,treatment_minus_loo_median_pp,treatment_minus_loo_max_pp,treatment_to_loo_mean_ratio,treatment_gt_loo_mean,treatment_gt_all_remaining_controls,remaining_control_min_valid_fraction
2023,C162,0.0126306810324422,0.007327429151113419,0.0060016161807812255,0.0036320740560536,0.0152414460626738,-0.1325812970332194,0.2566536677820633,25.065205160128208,25.30215937260097,24.14122217193895,42.76409221301701,True,True,1.0
2023,C172,0.0152414460626738,0.007327429151113419,0.005348924923223325,0.0036320740560536,0.0126306810324422,-0.19785042278900947,0.2566536677820633,25.130474285884,25.30215937260097,24.402298674962108,47.982290173443076,True,True,1.0
2023,C176,0.0027451107889338,0.007327429151113419,0.008473008741658326,0.0085748591778078,0.0152414460626738,0.11455795905449062,0.2566536677820633,24.818065904040495,24.807880860425545,24.14122217193895,30.290735629741764,True,True,1.0
2023,C222,0.0045190373231734,0.007327429151113419,0.008029527108098426,0.007687895910688,0.0152414460626738,0.07020979569850065,0.2566536677820633,24.862414067396486,24.896577187137527,24.14122217193895,31.96373389451632,True,True,1.0
2023,C129,0.0015008705483439,0.007327429151113419,0.0087840688018058,0.0085748591778078,0.0152414460626738,0.145663965069238,0.2566536677820633,24.78695989802575,24.807880860425545,24.14122217193895,29.21808487307172,True,True,1.0
2024,C162,0.0145339893210956,0.005212486660396474,0.0028821109952216926,0.0026262807059193355,0.0062758825690481,-0.23303756651747815,0.1896266082444581,18.67444972492364,18.700032753853876,18.335072567541,65.794346074403,True,True,1.0
2024,C172,0.0062758825690481,0.005212486660396474,0.004946637683233568,0.0026262807059193355,0.0145339893210956,-0.02658489771629061,0.1896266082444581,18.467997056122453,18.700032753853876,17.50926189233625,38.334444604097435,True,True,1.0
2024,C176,0.0009150377495623712,0.005212486660396474,0.006286848888105,0.0053067031156622,0.0145339893210956,0.10743622277085263,0.1896266082444581,18.333975935635312,18.43199051287959,17.50926189233625,30.162425027145176,True,True,1.0
2024,C222,0.0043375236622763,0.005212486660396474,0.005431227409926518,0.0035954601593052356,0.0145339893210956,0.02187407495300442,0.1896266082444581,18.41953808345316,18.603114808515286,17.50926189233625,34.91413522804851,True,True,1.0
2024,C129,0.0,0.005212486660396474,0.006515608325495593,0.0053067031156622,0.0145339893210956,0.1303121665099119,0.1896266082444581,18.311099991896253,18.43199051287959,17.50926189233625,29.10343881513698,True,True,1.0
2025,C162,0.0117744182282636,0.007136454502398774,0.0059769635709325695,0.0069089128805800495,0.0099232655344366,-0.11594909314662045,0.3699481041853483,36.39711406144157,36.30391913047683,36.002483865091165,61.895659860551284,True,True,1.0
2025,C172,0.0068138333294689,0.007136454502398774,0.007217109795631244,0.0084636289830639,0.0117744182282636,0.008065529323247021,0.3699481041853483,36.273099438971705,36.14844752022844,35.81736859570847,51.259869208209935,True,True,1.0
2025,C176,0.0099232655344366,0.007136454502398774,0.006439751744389319,0.0069089128805800495,0.0117744182282636,-0.06967027580094551,0.3699481041853483,36.3508352440959,36.30391913047683,35.81736859570847,57.44757233967417,True,True,1.0
2025,C222,0.0070039924316912,0.007136454502398774,0.007169570020075669,0.00836854943195275,0.0117744182282636,0.0033115517676894635,0.3699481041853483,36.277853416527265,36.157955475339556,35.81736859570847,51.59976165229555,True,True,1.0
2025,C129,0.00016676298813357603,0.007136454502398774,0.008878877380965074,0.0084636289830639,0.0117744182282636,0.17424228785662998,0.3699481041853483,36.106922680438316,36.14844752022844,35.81736859570847,41.66609001476462,True,True,1.0
2026,C162,0.0225004723398132,0.013007871031431098,0.010634720704335573,0.011244984873082,0.0195695517646526,-0.2373150327095525,0.2883768578216494,27.77421371173138,27.713187294856738,26.880730605699682,27.116542675547997,True,True,1.0
2026,C172,0.0114632382638052,0.013007871031431098,0.013394029223337572,0.0152981416235057,0.0225004723398132,0.03861581919064744,0.2883768578216494,27.49828285983118,27.30787161981437,26.587638548183623,21.530254489753204,True,True,1.0
2026,C176,0.0195695517646526,0.013007871031431098,0.011367450848125724,0.011244984873082,0.0225004723398132,-0.16404201833053744,0.2883768578216494,27.700940697352365,27.713187294856738,26.587638548183623,25.36864787668708,True,True,1.0
2026,C222,0.0110267314823588,0.013007871031431098,0.013503155918699172,0.0155163950142289,0.0225004723398132,0.04952848872680736,0.2883768578216494,27.487370190295024,27.28604628074205,26.587638548183623,21.35625623801804,True,True,1.0
2026,C129,0.0004793613065256882,0.013007871031431098,0.01613999846265745,0.0155163950142289,0.0225004723398132,0.31321274312263514,0.2883768578216494,27.223685935899194,27.28604628074205,26.587638548183623,17.867217180277734,True,True,1.0
