official_record_id,permit_year,district,section,lot,original_status,candidate_specific_review,distance_evidence_m,nearest_candidate_reference,recommended_effect_on_top20,review_note
10,108,永安區,烏樹林段,595,nlsc_no_current_data,REMOTE_DISTRICT_CONTEXT,15998.5,C162,NO_HOLD,"Unresolved parcel is in Yong'an District. A successfully located same-district reference parcel (Baoning section lot 71) is 16.0 km from the nearest frozen Top20 candidate square. This is geographic-context evidence, not exact parcel geometry."
11,108,永安區,烏樹林段,595-14,nlsc_no_current_data,REMOTE_DISTRICT_CONTEXT,15998.5,C162,NO_HOLD,"Unresolved parcel is in Yong'an District. A successfully located same-district reference parcel (Baoning section lot 71) is 16.0 km from the nearest frozen Top20 candidate square. This is geographic-context evidence, not exact parcel geometry."
12,108,永安區,烏樹林段,596-1,nlsc_no_current_data,REMOTE_DISTRICT_CONTEXT,15998.5,C162,NO_HOLD,"Unresolved parcel is in Yong'an District. A successfully located same-district reference parcel (Baoning section lot 71) is 16.0 km from the nearest frozen Top20 candidate square. This is geographic-context evidence, not exact parcel geometry."
13,108,永安區,烏樹林段,596-26,nlsc_no_current_data,REMOTE_DISTRICT_CONTEXT,15998.5,C162,NO_HOLD,"Unresolved parcel is in Yong'an District. A successfully located same-district reference parcel (Baoning section lot 71) is 16.0 km from the nearest frozen Top20 candidate square. This is geographic-context evidence, not exact parcel geometry."
14,108,永安區,烏樹林段,596-27,nlsc_no_current_data,REMOTE_DISTRICT_CONTEXT,15998.5,C162,NO_HOLD,"Unresolved parcel is in Yong'an District. A successfully located same-district reference parcel (Baoning section lot 71) is 16.0 km from the nearest frozen Top20 candidate square. This is geographic-context evidence, not exact parcel geometry."
172,111,大樹區,三和段,656,technical_failure,PRIOR_VALIDATED_LOCATOR_COORDINATE,1962.3,C176,NO_HOLD,"Lot 656 was successfully located in a prior validated NLSC run at 120.4144270168, 22.7182610030. Its point is 1962.3 m from the nearest frozen Top20 candidate square."
244,111,大樹區,三和段,92,nlsc_no_current_data,ADJACENT_PARCEL_CONTEXT_ONLY,lot91=3891.0; lot93=3944.4,lot91->C172; lot93->C172,NO_HOLD_WITH_CAVEAT,"Lot 92 has no current NLSC location. In the same prior run, adjacent-numbered lots 91 and 93 were located at 120.4336950168,22.7135580030 and 120.4344670168,22.7131200030; those points are respectively 3891.0 m and 3944.4 m from the nearest Top20 square. This is inferential, not exact cadastral proof for lot 92."
284,111,茄萣區,頂茄萣段二小段,111,nlsc_no_current_data,REMOTE_DISTRICT_CONTEXT,17316.2,C162,NO_HOLD,"Unresolved parcel is in Qieding District. A successfully located same-district reference parcel (Xingda section lot 169-24) is 17.3 km from the nearest frozen Top20 candidate square. This is geographic-context evidence, not exact parcel geometry."
285,111,茄萣區,頂茄萣段二小段,111-110,nlsc_no_current_data,REMOTE_DISTRICT_CONTEXT,17316.2,C162,NO_HOLD,"Unresolved parcel is in Qieding District. A successfully located same-district reference parcel (Xingda section lot 169-24) is 17.3 km from the nearest frozen Top20 candidate square. This is geographic-context evidence, not exact parcel geometry."
286,111,茄萣區,頂茄萣段二小段,111-92,nlsc_no_current_data,REMOTE_DISTRICT_CONTEXT,17316.2,C162,NO_HOLD,"Unresolved parcel is in Qieding District. A successfully located same-district reference parcel (Xingda section lot 169-24) is 17.3 km from the nearest frozen Top20 candidate square. This is geographic-context evidence, not exact parcel geometry."
