system:index,end_date_exclusive,pre_treatment_match_score,rank,review_product,site_id,source_scene_count,start_date,year,.geo
0,2021-01-01,0,0,annual RGB median; visual treatment-status screening only,SC0002,148,2020-01-01,2020,"{""type"":""MultiPoint"",""coordinates"":[]}"
1,2022-01-01,0,0,annual RGB median; visual treatment-status screening only,SC0002,146,2021-01-01,2021,"{""type"":""MultiPoint"",""coordinates"":[]}"
2,2023-01-01,0,0,annual RGB median; visual treatment-status screening only,SC0002,146,2022-01-01,2022,"{""type"":""MultiPoint"",""coordinates"":[]}"
3,2024-01-01,0,0,annual RGB median; visual treatment-status screening only,SC0002,146,2023-01-01,2023,"{""type"":""MultiPoint"",""coordinates"":[]}"
4,2025-01-01,0,0,annual RGB median; visual treatment-status screening only,SC0002,148,2024-01-01,2024,"{""type"":""MultiPoint"",""coordinates"":[]}"
5,2026-01-01,0,0,annual RGB median; visual treatment-status screening only,SC0002,172,2025-01-01,2025,"{""type"":""MultiPoint"",""coordinates"":[]}"
6,2026-09-29,0,0,annual RGB median; visual treatment-status screening only,SC0002,130,2026-01-01,2026,"{""type"":""MultiPoint"",""coordinates"":[]}"
7,2021-01-01,0.25179461,1,annual RGB median; visual treatment-status screening only,C162,148,2020-01-01,2020,"{""type"":""MultiPoint"",""coordinates"":[]}"
8,2022-01-01,0.25179461,1,annual RGB median; visual treatment-status screening only,C162,148,2021-01-01,2021,"{""type"":""MultiPoint"",""coordinates"":[]}"
9,2023-01-01,0.25179461,1,annual RGB median; visual treatment-status screening only,C162,146,2022-01-01,2022,"{""type"":""MultiPoint"",""coordinates"":[]}"
10,2024-01-01,0.25179461,1,annual RGB median; visual treatment-status screening only,C162,146,2023-01-01,2023,"{""type"":""MultiPoint"",""coordinates"":[]}"
11,2025-01-01,0.25179461,1,annual RGB median; visual treatment-status screening only,C162,152,2024-01-01,2024,"{""type"":""MultiPoint"",""coordinates"":[]}"
12,2026-01-01,0.25179461,1,annual RGB median; visual treatment-status screening only,C162,172,2025-01-01,2025,"{""type"":""MultiPoint"",""coordinates"":[]}"
13,2026-09-29,0.25179461,1,annual RGB median; visual treatment-status screening only,C162,130,2026-01-01,2026,"{""type"":""MultiPoint"",""coordinates"":[]}"
14,2021-01-01,0.465231596,2,annual RGB median; visual treatment-status screening only,C185,148,2020-01-01,2020,"{""type"":""MultiPoint"",""coordinates"":[]}"
15,2022-01-01,0.465231596,2,annual RGB median; visual treatment-status screening only,C185,148,2021-01-01,2021,"{""type"":""MultiPoint"",""coordinates"":[]}"
16,2023-01-01,0.465231596,2,annual RGB median; visual treatment-status screening only,C185,146,2022-01-01,2022,"{""type"":""MultiPoint"",""coordinates"":[]}"
17,2024-01-01,0.465231596,2,annual RGB median; visual treatment-status screening only,C185,146,2023-01-01,2023,"{""type"":""MultiPoint"",""coordinates"":[]}"
18,2025-01-01,0.465231596,2,annual RGB median; visual treatment-status screening only,C185,152,2024-01-01,2024,"{""type"":""MultiPoint"",""coordinates"":[]}"
19,2026-01-01,0.465231596,2,annual RGB median; visual treatment-status screening only,C185,172,2025-01-01,2025,"{""type"":""MultiPoint"",""coordinates"":[]}"
20,2026-09-29,0.465231596,2,annual RGB median; visual treatment-status screening only,C185,130,2026-01-01,2026,"{""type"":""MultiPoint"",""coordinates"":[]}"
21,2021-01-01,0.517142889,3,annual RGB median; visual treatment-status screening only,C172,148,2020-01-01,2020,"{""type"":""MultiPoint"",""coordinates"":[]}"
22,2022-01-01,0.517142889,3,annual RGB median; visual treatment-status screening only,C172,146,2021-01-01,2021,"{""type"":""MultiPoint"",""coordinates"":[]}"
23,2023-01-01,0.517142889,3,annual RGB median; visual treatment-status screening only,C172,146,2022-01-01,2022,"{""type"":""MultiPoint"",""coordinates"":[]}"
24,2024-01-01,0.517142889,3,annual RGB median; visual treatment-status screening only,C172,146,2023-01-01,2023,"{""type"":""MultiPoint"",""coordinates"":[]}"
25,2025-01-01,0.517142889,3,annual RGB median; visual treatment-status screening only,C172,148,2024-01-01,2024,"{""type"":""MultiPoint"",""coordinates"":[]}"
26,2026-01-01,0.517142889,3,annual RGB median; visual treatment-status screening only,C172,172,2025-01-01,2025,"{""type"":""MultiPoint"",""coordinates"":[]}"
27,2026-09-29,0.517142889,3,annual RGB median; visual treatment-status screening only,C172,130,2026-01-01,2026,"{""type"":""MultiPoint"",""coordinates"":[]}"
28,2021-01-01,0.536305349,4,annual RGB median; visual treatment-status screening only,C176,148,2020-01-01,2020,"{""type"":""MultiPoint"",""coordinates"":[]}"
29,2022-01-01,0.536305349,4,annual RGB median; visual treatment-status screening only,C176,146,2021-01-01,2021,"{""type"":""MultiPoint"",""coordinates"":[]}"
30,2023-01-01,0.536305349,4,annual RGB median; visual treatment-status screening only,C176,146,2022-01-01,2022,"{""type"":""MultiPoint"",""coordinates"":[]}"
31,2024-01-01,0.536305349,4,annual RGB median; visual treatment-status screening only,C176,146,2023-01-01,2023,"{""type"":""MultiPoint"",""coordinates"":[]}"
32,2025-01-01,0.536305349,4,annual RGB median; visual treatment-status screening only,C176,148,2024-01-01,2024,"{""type"":""MultiPoint"",""coordinates"":[]}"
33,2026-01-01,0.536305349,4,annual RGB median; visual treatment-status screening only,C176,172,2025-01-01,2025,"{""type"":""MultiPoint"",""coordinates"":[]}"
34,2026-09-29,0.536305349,4,annual RGB median; visual treatment-status screening only,C176,130,2026-01-01,2026,"{""type"":""MultiPoint"",""coordinates"":[]}"
35,2021-01-01,0.674966065,5,annual RGB median; visual treatment-status screening only,C222,148,2020-01-01,2020,"{""type"":""MultiPoint"",""coordinates"":[]}"
36,2022-01-01,0.674966065,5,annual RGB median; visual treatment-status screening only,C222,146,2021-01-01,2021,"{""type"":""MultiPoint"",""coordinates"":[]}"
37,2023-01-01,0.674966065,5,annual RGB median; visual treatment-status screening only,C222,146,2022-01-01,2022,"{""type"":""MultiPoint"",""coordinates"":[]}"
38,2024-01-01,0.674966065,5,annual RGB median; visual treatment-status screening only,C222,146,2023-01-01,2023,"{""type"":""MultiPoint"",""coordinates"":[]}"
39,2025-01-01,0.674966065,5,annual RGB median; visual treatment-status screening only,C222,150,2024-01-01,2024,"{""type"":""MultiPoint"",""coordinates"":[]}"
40,2026-01-01,0.674966065,5,annual RGB median; visual treatment-status screening only,C222,174,2025-01-01,2025,"{""type"":""MultiPoint"",""coordinates"":[]}"
41,2026-09-29,0.674966065,5,annual RGB median; visual treatment-status screening only,C222,130,2026-01-01,2026,"{""type"":""MultiPoint"",""coordinates"":[]}"
42,2021-01-01,0.741549727,6,annual RGB median; visual treatment-status screening only,C129,148,2020-01-01,2020,"{""type"":""MultiPoint"",""coordinates"":[]}"
43,2022-01-01,0.741549727,6,annual RGB median; visual treatment-status screening only,C129,146,2021-01-01,2021,"{""type"":""MultiPoint"",""coordinates"":[]}"
44,2023-01-01,0.741549727,6,annual RGB median; visual treatment-status screening only,C129,146,2022-01-01,2022,"{""type"":""MultiPoint"",""coordinates"":[]}"
45,2024-01-01,0.741549727,6,annual RGB median; visual treatment-status screening only,C129,146,2023-01-01,2023,"{""type"":""MultiPoint"",""coordinates"":[]}"
46,2025-01-01,0.741549727,6,annual RGB median; visual treatment-status screening only,C129,148,2024-01-01,2024,"{""type"":""MultiPoint"",""coordinates"":[]}"
47,2026-01-01,0.741549727,6,annual RGB median; visual treatment-status screening only,C129,172,2025-01-01,2025,"{""type"":""MultiPoint"",""coordinates"":[]}"
48,2026-09-29,0.741549727,6,annual RGB median; visual treatment-status screening only,C129,130,2026-01-01,2026,"{""type"":""MultiPoint"",""coordinates"":[]}"
49,2021-01-01,0.747979839,7,annual RGB median; visual treatment-status screening only,C221,148,2020-01-01,2020,"{""type"":""MultiPoint"",""coordinates"":[]}"
50,2022-01-01,0.747979839,7,annual RGB median; visual treatment-status screening only,C221,146,2021-01-01,2021,"{""type"":""MultiPoint"",""coordinates"":[]}"
51,2023-01-01,0.747979839,7,annual RGB median; visual treatment-status screening only,C221,146,2022-01-01,2022,"{""type"":""MultiPoint"",""coordinates"":[]}"
52,2024-01-01,0.747979839,7,annual RGB median; visual treatment-status screening only,C221,146,2023-01-01,2023,"{""type"":""MultiPoint"",""coordinates"":[]}"
53,2025-01-01,0.747979839,7,annual RGB median; visual treatment-status screening only,C221,148,2024-01-01,2024,"{""type"":""MultiPoint"",""coordinates"":[]}"
54,2026-01-01,0.747979839,7,annual RGB median; visual treatment-status screening only,C221,174,2025-01-01,2025,"{""type"":""MultiPoint"",""coordinates"":[]}"
55,2026-09-29,0.747979839,7,annual RGB median; visual treatment-status screening only,C221,130,2026-01-01,2026,"{""type"":""MultiPoint"",""coordinates"":[]}"
56,2021-01-01,0.866789262,8,annual RGB median; visual treatment-status screening only,C177,148,2020-01-01,2020,"{""type"":""MultiPoint"",""coordinates"":[]}"
57,2022-01-01,0.866789262,8,annual RGB median; visual treatment-status screening only,C177,146,2021-01-01,2021,"{""type"":""MultiPoint"",""coordinates"":[]}"
58,2023-01-01,0.866789262,8,annual RGB median; visual treatment-status screening only,C177,146,2022-01-01,2022,"{""type"":""MultiPoint"",""coordinates"":[]}"
59,2024-01-01,0.866789262,8,annual RGB median; visual treatment-status screening only,C177,146,2023-01-01,2023,"{""type"":""MultiPoint"",""coordinates"":[]}"
60,2025-01-01,0.866789262,8,annual RGB median; visual treatment-status screening only,C177,148,2024-01-01,2024,"{""type"":""MultiPoint"",""coordinates"":[]}"
61,2026-01-01,0.866789262,8,annual RGB median; visual treatment-status screening only,C177,172,2025-01-01,2025,"{""type"":""MultiPoint"",""coordinates"":[]}"
62,2026-09-29,0.866789262,8,annual RGB median; visual treatment-status screening only,C177,130,2026-01-01,2026,"{""type"":""MultiPoint"",""coordinates"":[]}"
63,2021-01-01,1.022337966,9,annual RGB median; visual treatment-status screening only,C290,148,2020-01-01,2020,"{""type"":""MultiPoint"",""coordinates"":[]}"
64,2022-01-01,1.022337966,9,annual RGB median; visual treatment-status screening only,C290,148,2021-01-01,2021,"{""type"":""MultiPoint"",""coordinates"":[]}"
65,2023-01-01,1.022337966,9,annual RGB median; visual treatment-status screening only,C290,146,2022-01-01,2022,"{""type"":""MultiPoint"",""coordinates"":[]}"
66,2024-01-01,1.022337966,9,annual RGB median; visual treatment-status screening only,C290,146,2023-01-01,2023,"{""type"":""MultiPoint"",""coordinates"":[]}"
67,2025-01-01,1.022337966,9,annual RGB median; visual treatment-status screening only,C290,152,2024-01-01,2024,"{""type"":""MultiPoint"",""coordinates"":[]}"
68,2026-01-01,1.022337966,9,annual RGB median; visual treatment-status screening only,C290,172,2025-01-01,2025,"{""type"":""MultiPoint"",""coordinates"":[]}"
69,2026-09-29,1.022337966,9,annual RGB median; visual treatment-status screening only,C290,130,2026-01-01,2026,"{""type"":""MultiPoint"",""coordinates"":[]}"
70,2021-01-01,1.050633422,10,annual RGB median; visual treatment-status screening only,C264,148,2020-01-01,2020,"{""type"":""MultiPoint"",""coordinates"":[]}"
71,2022-01-01,1.050633422,10,annual RGB median; visual treatment-status screening only,C264,146,2021-01-01,2021,"{""type"":""MultiPoint"",""coordinates"":[]}"
72,2023-01-01,1.050633422,10,annual RGB median; visual treatment-status screening only,C264,146,2022-01-01,2022,"{""type"":""MultiPoint"",""coordinates"":[]}"
73,2024-01-01,1.050633422,10,annual RGB median; visual treatment-status screening only,C264,146,2023-01-01,2023,"{""type"":""MultiPoint"",""coordinates"":[]}"
74,2025-01-01,1.050633422,10,annual RGB median; visual treatment-status screening only,C264,148,2024-01-01,2024,"{""type"":""MultiPoint"",""coordinates"":[]}"
75,2026-01-01,1.050633422,10,annual RGB median; visual treatment-status screening only,C264,172,2025-01-01,2025,"{""type"":""MultiPoint"",""coordinates"":[]}"
76,2026-09-29,1.050633422,10,annual RGB median; visual treatment-status screening only,C264,130,2026-01-01,2026,"{""type"":""MultiPoint"",""coordinates"":[]}"
77,2021-01-01,1.164754016,11,annual RGB median; visual treatment-status screening only,C268,148,2020-01-01,2020,"{""type"":""MultiPoint"",""coordinates"":[]}"
78,2022-01-01,1.164754016,11,annual RGB median; visual treatment-status screening only,C268,148,2021-01-01,2021,"{""type"":""MultiPoint"",""coordinates"":[]}"
79,2023-01-01,1.164754016,11,annual RGB median; visual treatment-status screening only,C268,146,2022-01-01,2022,"{""type"":""MultiPoint"",""coordinates"":[]}"
80,2024-01-01,1.164754016,11,annual RGB median; visual treatment-status screening only,C268,146,2023-01-01,2023,"{""type"":""MultiPoint"",""coordinates"":[]}"
81,2025-01-01,1.164754016,11,annual RGB median; visual treatment-status screening only,C268,152,2024-01-01,2024,"{""type"":""MultiPoint"",""coordinates"":[]}"
82,2026-01-01,1.164754016,11,annual RGB median; visual treatment-status screening only,C268,172,2025-01-01,2025,"{""type"":""MultiPoint"",""coordinates"":[]}"
83,2026-09-29,1.164754016,11,annual RGB median; visual treatment-status screening only,C268,130,2026-01-01,2026,"{""type"":""MultiPoint"",""coordinates"":[]}"
84,2021-01-01,1.166624051,12,annual RGB median; visual treatment-status screening only,C269,148,2020-01-01,2020,"{""type"":""MultiPoint"",""coordinates"":[]}"
85,2022-01-01,1.166624051,12,annual RGB median; visual treatment-status screening only,C269,148,2021-01-01,2021,"{""type"":""MultiPoint"",""coordinates"":[]}"
86,2023-01-01,1.166624051,12,annual RGB median; visual treatment-status screening only,C269,146,2022-01-01,2022,"{""type"":""MultiPoint"",""coordinates"":[]}"
87,2024-01-01,1.166624051,12,annual RGB median; visual treatment-status screening only,C269,146,2023-01-01,2023,"{""type"":""MultiPoint"",""coordinates"":[]}"
88,2025-01-01,1.166624051,12,annual RGB median; visual treatment-status screening only,C269,152,2024-01-01,2024,"{""type"":""MultiPoint"",""coordinates"":[]}"
89,2026-01-01,1.166624051,12,annual RGB median; visual treatment-status screening only,C269,172,2025-01-01,2025,"{""type"":""MultiPoint"",""coordinates"":[]}"
90,2026-09-29,1.166624051,12,annual RGB median; visual treatment-status screening only,C269,130,2026-01-01,2026,"{""type"":""MultiPoint"",""coordinates"":[]}"
91,2021-01-01,1.180770504,13,annual RGB median; visual treatment-status screening only,C152,148,2020-01-01,2020,"{""type"":""MultiPoint"",""coordinates"":[]}"
92,2022-01-01,1.180770504,13,annual RGB median; visual treatment-status screening only,C152,146,2021-01-01,2021,"{""type"":""MultiPoint"",""coordinates"":[]}"
93,2023-01-01,1.180770504,13,annual RGB median; visual treatment-status screening only,C152,146,2022-01-01,2022,"{""type"":""MultiPoint"",""coordinates"":[]}"
94,2024-01-01,1.180770504,13,annual RGB median; visual treatment-status screening only,C152,146,2023-01-01,2023,"{""type"":""MultiPoint"",""coordinates"":[]}"
95,2025-01-01,1.180770504,13,annual RGB median; visual treatment-status screening only,C152,148,2024-01-01,2024,"{""type"":""MultiPoint"",""coordinates"":[]}"
96,2026-01-01,1.180770504,13,annual RGB median; visual treatment-status screening only,C152,172,2025-01-01,2025,"{""type"":""MultiPoint"",""coordinates"":[]}"
97,2026-09-29,1.180770504,13,annual RGB median; visual treatment-status screening only,C152,130,2026-01-01,2026,"{""type"":""MultiPoint"",""coordinates"":[]}"
98,2021-01-01,1.181036251,14,annual RGB median; visual treatment-status screening only,C146,148,2020-01-01,2020,"{""type"":""MultiPoint"",""coordinates"":[]}"
99,2022-01-01,1.181036251,14,annual RGB median; visual treatment-status screening only,C146,146,2021-01-01,2021,"{""type"":""MultiPoint"",""coordinates"":[]}"
100,2023-01-01,1.181036251,14,annual RGB median; visual treatment-status screening only,C146,146,2022-01-01,2022,"{""type"":""MultiPoint"",""coordinates"":[]}"
101,2024-01-01,1.181036251,14,annual RGB median; visual treatment-status screening only,C146,146,2023-01-01,2023,"{""type"":""MultiPoint"",""coordinates"":[]}"
102,2025-01-01,1.181036251,14,annual RGB median; visual treatment-status screening only,C146,148,2024-01-01,2024,"{""type"":""MultiPoint"",""coordinates"":[]}"
103,2026-01-01,1.181036251,14,annual RGB median; visual treatment-status screening only,C146,172,2025-01-01,2025,"{""type"":""MultiPoint"",""coordinates"":[]}"
104,2026-09-29,1.181036251,14,annual RGB median; visual treatment-status screening only,C146,130,2026-01-01,2026,"{""type"":""MultiPoint"",""coordinates"":[]}"
105,2021-01-01,1.187231292,15,annual RGB median; visual treatment-status screening only,C241,148,2020-01-01,2020,"{""type"":""MultiPoint"",""coordinates"":[]}"
106,2022-01-01,1.187231292,15,annual RGB median; visual treatment-status screening only,C241,146,2021-01-01,2021,"{""type"":""MultiPoint"",""coordinates"":[]}"
107,2023-01-01,1.187231292,15,annual RGB median; visual treatment-status screening only,C241,146,2022-01-01,2022,"{""type"":""MultiPoint"",""coordinates"":[]}"
108,2024-01-01,1.187231292,15,annual RGB median; visual treatment-status screening only,C241,146,2023-01-01,2023,"{""type"":""MultiPoint"",""coordinates"":[]}"
109,2025-01-01,1.187231292,15,annual RGB median; visual treatment-status screening only,C241,148,2024-01-01,2024,"{""type"":""MultiPoint"",""coordinates"":[]}"
110,2026-01-01,1.187231292,15,annual RGB median; visual treatment-status screening only,C241,172,2025-01-01,2025,"{""type"":""MultiPoint"",""coordinates"":[]}"
111,2026-09-29,1.187231292,15,annual RGB median; visual treatment-status screening only,C241,130,2026-01-01,2026,"{""type"":""MultiPoint"",""coordinates"":[]}"
112,2021-01-01,1.218218867,16,annual RGB median; visual treatment-status screening only,C171,148,2020-01-01,2020,"{""type"":""MultiPoint"",""coordinates"":[]}"
113,2022-01-01,1.218218867,16,annual RGB median; visual treatment-status screening only,C171,146,2021-01-01,2021,"{""type"":""MultiPoint"",""coordinates"":[]}"
114,2023-01-01,1.218218867,16,annual RGB median; visual treatment-status screening only,C171,146,2022-01-01,2022,"{""type"":""MultiPoint"",""coordinates"":[]}"
115,2024-01-01,1.218218867,16,annual RGB median; visual treatment-status screening only,C171,146,2023-01-01,2023,"{""type"":""MultiPoint"",""coordinates"":[]}"
116,2025-01-01,1.218218867,16,annual RGB median; visual treatment-status screening only,C171,148,2024-01-01,2024,"{""type"":""MultiPoint"",""coordinates"":[]}"
117,2026-01-01,1.218218867,16,annual RGB median; visual treatment-status screening only,C171,172,2025-01-01,2025,"{""type"":""MultiPoint"",""coordinates"":[]}"
118,2026-09-29,1.218218867,16,annual RGB median; visual treatment-status screening only,C171,130,2026-01-01,2026,"{""type"":""MultiPoint"",""coordinates"":[]}"
119,2021-01-01,1.266276465,17,annual RGB median; visual treatment-status screening only,C291,148,2020-01-01,2020,"{""type"":""MultiPoint"",""coordinates"":[]}"
120,2022-01-01,1.266276465,17,annual RGB median; visual treatment-status screening only,C291,148,2021-01-01,2021,"{""type"":""MultiPoint"",""coordinates"":[]}"
121,2023-01-01,1.266276465,17,annual RGB median; visual treatment-status screening only,C291,146,2022-01-01,2022,"{""type"":""MultiPoint"",""coordinates"":[]}"
122,2024-01-01,1.266276465,17,annual RGB median; visual treatment-status screening only,C291,146,2023-01-01,2023,"{""type"":""MultiPoint"",""coordinates"":[]}"
123,2025-01-01,1.266276465,17,annual RGB median; visual treatment-status screening only,C291,152,2024-01-01,2024,"{""type"":""MultiPoint"",""coordinates"":[]}"
124,2026-01-01,1.266276465,17,annual RGB median; visual treatment-status screening only,C291,172,2025-01-01,2025,"{""type"":""MultiPoint"",""coordinates"":[]}"
125,2026-09-29,1.266276465,17,annual RGB median; visual treatment-status screening only,C291,130,2026-01-01,2026,"{""type"":""MultiPoint"",""coordinates"":[]}"
126,2021-01-01,1.314914496,18,annual RGB median; visual treatment-status screening only,C179,148,2020-01-01,2020,"{""type"":""MultiPoint"",""coordinates"":[]}"
127,2022-01-01,1.314914496,18,annual RGB median; visual treatment-status screening only,C179,146,2021-01-01,2021,"{""type"":""MultiPoint"",""coordinates"":[]}"
128,2023-01-01,1.314914496,18,annual RGB median; visual treatment-status screening only,C179,146,2022-01-01,2022,"{""type"":""MultiPoint"",""coordinates"":[]}"
129,2024-01-01,1.314914496,18,annual RGB median; visual treatment-status screening only,C179,146,2023-01-01,2023,"{""type"":""MultiPoint"",""coordinates"":[]}"
130,2025-01-01,1.314914496,18,annual RGB median; visual treatment-status screening only,C179,148,2024-01-01,2024,"{""type"":""MultiPoint"",""coordinates"":[]}"
131,2026-01-01,1.314914496,18,annual RGB median; visual treatment-status screening only,C179,172,2025-01-01,2025,"{""type"":""MultiPoint"",""coordinates"":[]}"
132,2026-09-29,1.314914496,18,annual RGB median; visual treatment-status screening only,C179,130,2026-01-01,2026,"{""type"":""MultiPoint"",""coordinates"":[]}"
133,2021-01-01,1.465066369,19,annual RGB median; visual treatment-status screening only,C153,148,2020-01-01,2020,"{""type"":""MultiPoint"",""coordinates"":[]}"
134,2022-01-01,1.465066369,19,annual RGB median; visual treatment-status screening only,C153,146,2021-01-01,2021,"{""type"":""MultiPoint"",""coordinates"":[]}"
135,2023-01-01,1.465066369,19,annual RGB median; visual treatment-status screening only,C153,146,2022-01-01,2022,"{""type"":""MultiPoint"",""coordinates"":[]}"
136,2024-01-01,1.465066369,19,annual RGB median; visual treatment-status screening only,C153,146,2023-01-01,2023,"{""type"":""MultiPoint"",""coordinates"":[]}"
137,2025-01-01,1.465066369,19,annual RGB median; visual treatment-status screening only,C153,148,2024-01-01,2024,"{""type"":""MultiPoint"",""coordinates"":[]}"
138,2026-01-01,1.465066369,19,annual RGB median; visual treatment-status screening only,C153,172,2025-01-01,2025,"{""type"":""MultiPoint"",""coordinates"":[]}"
139,2026-09-29,1.465066369,19,annual RGB median; visual treatment-status screening only,C153,130,2026-01-01,2026,"{""type"":""MultiPoint"",""coordinates"":[]}"
140,2021-01-01,1.502263514,20,annual RGB median; visual treatment-status screening only,C313,148,2020-01-01,2020,"{""type"":""MultiPoint"",""coordinates"":[]}"
141,2022-01-01,1.502263514,20,annual RGB median; visual treatment-status screening only,C313,148,2021-01-01,2021,"{""type"":""MultiPoint"",""coordinates"":[]}"
142,2023-01-01,1.502263514,20,annual RGB median; visual treatment-status screening only,C313,146,2022-01-01,2022,"{""type"":""MultiPoint"",""coordinates"":[]}"
143,2024-01-01,1.502263514,20,annual RGB median; visual treatment-status screening only,C313,146,2023-01-01,2023,"{""type"":""MultiPoint"",""coordinates"":[]}"
144,2025-01-01,1.502263514,20,annual RGB median; visual treatment-status screening only,C313,152,2024-01-01,2024,"{""type"":""MultiPoint"",""coordinates"":[]}"
145,2026-01-01,1.502263514,20,annual RGB median; visual treatment-status screening only,C313,172,2025-01-01,2025,"{""type"":""MultiPoint"",""coordinates"":[]}"
146,2026-09-29,1.502263514,20,annual RGB median; visual treatment-status screening only,C313,130,2026-01-01,2026,"{""type"":""MultiPoint"",""coordinates"":[]}"
