rank,candidate_id,match_score,center_lon,center_lat,distance_from_sc0002_m,official_solar_overlap_2019_2024,official_solar_geometry_caveat,historical_imagery_pre2023_comparable,historical_imagery_2023_2026_solar_or_major_development,obvious_noncomparability,imagery_coverage_sufficient,screen_pass,exclusion_code,evidence_reference,notes,outcome_data_used_for_ranking,outcome_data_used_for_screening,review_scene_count_min,review_scene_count_max
1,C162,0.2517946103081083,120.38336489647324,22.81273725638963,11401.75425099138,NO_KNOWN_OFFICIAL_SOLAR_POINT_HIT,Representative parcel-point screen; not exact cadastral polygon non-overlap proof.,YES,NO,NO,YES,YES,,Sentinel-2 annual RGB median review 2020-2026; 2026 through 2026-09-28; Energy Administration official solar-parcel point screen,Predominantly vegetated/rural mosaic; no obvious large 2023-2026 conversion.,NO,NO_NDVI_NDMI_OUTCOME; TRUE_COLOR_TREATMENT_STATUS_ONLY,130,172
2,C185,0.4652315955619134,120.39309919668923,22.81289686183826,11180.339887498949,NO_KNOWN_OFFICIAL_SOLAR_POINT_HIT,Representative parcel-point screen; not exact cadastral polygon non-overlap proof.,YES,NO,NO,YES,YES,,Sentinel-2 annual RGB median review 2020-2026; 2026 through 2026-09-28; Energy Administration official solar-parcel point screen,Vegetated/rural mosaic remains visually stable; no obvious solar-scale or major conversion.,NO,NO_NDVI_NDMI_OUTCOME; TRUE_COLOR_TREATMENT_STATUS_ONLY,130,172
3,C172,0.5171428888591972,120.39532582798384,22.69558044649453,2828.42712474619,NO_KNOWN_OFFICIAL_SOLAR_POINT_HIT,Representative parcel-point screen; not exact cadastral polygon non-overlap proof.,YES,NO,NO,YES,YES,,Sentinel-2 annual RGB median review 2020-2026; 2026 through 2026-09-28; Energy Administration official solar-parcel point screen,Vegetated/rural setting with existing buildings/bare patch; no obvious major post-2022 conversion.,NO,NO_NDVI_NDMI_OUTCOME; TRUE_COLOR_TREATMENT_STATUS_ONLY,130,172
4,C176,0.5363053489651299,120.39464227305544,22.731678010447084,2828.42712474619,NO_KNOWN_OFFICIAL_SOLAR_POINT_HIT,Representative parcel-point screen; not exact cadastral polygon non-overlap proof.,YES,NO,NO,YES,YES,,Sentinel-2 annual RGB median review 2020-2026; 2026 through 2026-09-28; Energy Administration official solar-parcel point screen,"Mostly stable vegetated/rural setting. A localized bright linear feature appears in 2026, but it is not large enough in this review to classify as major land-use conversion.",NO,NO_NDVI_NDMI_OUTCOME; TRUE_COLOR_TREATMENT_STATUS_ONLY,130,172
5,C222,0.6749660652159561,120.41324962396575,22.77711658189245,7000.0,NO_KNOWN_OFFICIAL_SOLAR_POINT_HIT,Representative parcel-point screen; not exact cadastral polygon non-overlap proof.,YES,NO,NO,YES,YES,,Sentinel-2 annual RGB median review 2020-2026; 2026 through 2026-09-28; Energy Administration official solar-parcel point screen,Vegetated hillside/rural settlement pattern remains broadly stable through 2026.,NO,NO_NDVI_NDMI_OUTCOME; TRUE_COLOR_TREATMENT_STATUS_ONLY,130,174
6,C129,0.7415497265258386,120.37535754400412,22.72233523591619,4123.105625617661,NO_KNOWN_OFFICIAL_SOLAR_POINT_HIT,Representative parcel-point screen; not exact cadastral polygon non-overlap proof.,YES,NO,NO,YES,YES,,Sentinel-2 annual RGB median review 2020-2026; 2026 through 2026-09-28; Energy Administration official solar-parcel point screen,Highly vegetated site with very limited built footprint; no obvious major post-2022 conversion.,NO,NO_NDVI_NDMI_OUTCOME; TRUE_COLOR_TREATMENT_STATUS_ONLY,130,172
7,C221,0.747979839198422,120.4134197998595,22.768092125725605,6000.0,NO_KNOWN_OFFICIAL_SOLAR_POINT_HIT,Representative parcel-point screen; not exact cadastral polygon non-overlap proof.,YES,YES,NO,YES,NO,MAJOR_LANDUSE_CHANGE,Sentinel-2 annual RGB median review 2020-2026; 2026 through 2026-09-28; Energy Administration official solar-parcel point screen,2026 annual RGB shows a substantial new exposed-soil/earthwork area in the lower-left portion relative to 2020-2025; excluded conservatively.,NO,NO_NDVI_NDMI_OUTCOME; TRUE_COLOR_TREATMENT_STATUS_ONLY,130,174
8,C177,0.8667892619811935,120.3944711674939,22.740702372935072,3605.551275463989,NO_KNOWN_OFFICIAL_SOLAR_POINT_HIT,Representative parcel-point screen; not exact cadastral polygon non-overlap proof.,YES,NO,NO,YES,YES,,Sentinel-2 annual RGB median review 2020-2026; 2026 through 2026-09-28; Energy Administration official solar-parcel point screen,Rural/vegetated mosaic with pre-existing buildings; no obvious large post-2022 conversion.,NO,NO_NDVI_NDMI_OUTCOME; TRUE_COLOR_TREATMENT_STATUS_ONLY,130,172
9,C290,1.022337966050791,120.44227754459432,22.78661210023136,8544.003745317532,NO_KNOWN_OFFICIAL_SOLAR_POINT_HIT,Representative parcel-point screen; not exact cadastral polygon non-overlap proof.,YES,NO,NO,YES,YES,,Sentinel-2 annual RGB median review 2020-2026; 2026 through 2026-09-28; Energy Administration official solar-parcel point screen,Predominantly vegetated/agricultural mosaic; year-to-year appearance remains broadly stable.,NO,NO_NDVI_NDMI_OUTCOME; TRUE_COLOR_TREATMENT_STATUS_ONLY,130,172
10,C264,1.050633421518259,120.43305142783332,22.75938188504691,5385.164807134504,NO_KNOWN_OFFICIAL_SOLAR_POINT_HIT,Representative parcel-point screen; not exact cadastral polygon non-overlap proof.,YES,NO,NO,YES,YES,,Sentinel-2 annual RGB median review 2020-2026; 2026 through 2026-09-28; Energy Administration official solar-parcel point screen,Mixed rural/agricultural vegetation with pre-existing development; no obvious major new conversion.,NO,NO_NDVI_NDMI_OUTCOME; TRUE_COLOR_TREATMENT_STATUS_ONLY,130,172
11,C268,1.1647540155558231,120.4323756612332,22.795480240097117,9219.544457292888,NO_KNOWN_OFFICIAL_SOLAR_POINT_HIT,Representative parcel-point screen; not exact cadastral polygon non-overlap proof.,YES,NO,NO,YES,YES,,Sentinel-2 annual RGB median review 2020-2026; 2026 through 2026-09-28; Energy Administration official solar-parcel point screen,Vegetated rural site near a pre-existing road; no obvious major post-2022 conversion.,NO,NO_NDVI_NDMI_OUTCOME; TRUE_COLOR_TREATMENT_STATUS_ONLY,130,172
12,C269,1.1666240511080066,120.43220650554149,22.804504800380847,10198.03902718557,NO_KNOWN_OFFICIAL_SOLAR_POINT_HIT,Representative parcel-point screen; not exact cadastral polygon non-overlap proof.,YES,NO,NO,YES,YES,,Sentinel-2 annual RGB median review 2020-2026; 2026 through 2026-09-28; Energy Administration official solar-parcel point screen,Densely vegetated site with very small built footprint; no obvious major post-2022 conversion.,NO,NO_NDVI_NDMI_OUTCOME; TRUE_COLOR_TREATMENT_STATUS_ONLY,130,172
13,C152,1.18077050375492,120.3850853744048,22.72249473163106,3162.2776601683795,NO_KNOWN_OFFICIAL_SOLAR_POINT_HIT,Representative parcel-point screen; not exact cadastral polygon non-overlap proof.,YES,NO,NO,YES,YES,,Sentinel-2 annual RGB median review 2020-2026; 2026 through 2026-09-28; Energy Administration official solar-parcel point screen,"Mostly vegetated rural site. Local bright roof/building signal increases in 2025-2026, but not at a scale classified as major conversion.",NO,NO_NDVI_NDMI_OUTCOME; TRUE_COLOR_TREATMENT_STATUS_ONLY,130,172
14,C146,1.1810362505497034,120.38611348091644,22.66834866890032,5830.951894845301,NO_KNOWN_OFFICIAL_SOLAR_POINT_HIT,Representative parcel-point screen; not exact cadastral polygon non-overlap proof.,YES,NO,NO,YES,YES,,Sentinel-2 annual RGB median review 2020-2026; 2026 through 2026-09-28; Energy Administration official solar-parcel point screen,Mixed vegetated/agricultural rural mosaic; exposed-field patches vary but no obvious major persistent conversion.,NO,NO_NDVI_NDMI_OUTCOME; TRUE_COLOR_TREATMENT_STATUS_ONLY,130,172
15,C241,1.187231291853465,120.42332061575472,22.759225067560703,5099.019513592785,NO_KNOWN_OFFICIAL_SOLAR_POINT_HIT,Representative parcel-point screen; not exact cadastral polygon non-overlap proof.,YES,NO,NO,YES,YES,,Sentinel-2 annual RGB median review 2020-2026; 2026 through 2026-09-28; Energy Administration official solar-parcel point screen,Vegetated/agricultural pattern remains broadly stable; no obvious major development.,NO,NO_NDVI_NDMI_OUTCOME; TRUE_COLOR_TREATMENT_STATUS_ONLY,130,172
16,C171,1.2182188665854132,120.39549650001332,22.68655602702543,3605.551275463989,NO_KNOWN_OFFICIAL_SOLAR_POINT_HIT,Representative parcel-point screen; not exact cadastral polygon non-overlap proof.,NO,YES,YES,YES,NO,NOT_COMPARABLE;MAJOR_LANDUSE_CHANGE,Sentinel-2 annual RGB median review 2020-2026; 2026 through 2026-09-28; Energy Administration official solar-parcel point screen,Large exposed-earth/earthwork area is already prominent by 2022 and additional disturbed/cleared surfaces are visible later; excluded as an active-disturbance/non-comparable control.,NO,NO_NDVI_NDMI_OUTCOME; TRUE_COLOR_TREATMENT_STATUS_ONLY,130,172
17,C291,1.2662764647709193,120.44210911375475,22.79563674068316,9486.832980505138,NO_KNOWN_OFFICIAL_SOLAR_POINT_HIT,Representative parcel-point screen; not exact cadastral polygon non-overlap proof.,YES,NO,NO,YES,YES,,Sentinel-2 annual RGB median review 2020-2026; 2026 through 2026-09-28; Energy Administration official solar-parcel point screen,Rural/vegetated site beside a pre-existing road; no obvious major post-2022 conversion.,NO,NO_NDVI_NDMI_OUTCOME; TRUE_COLOR_TREATMENT_STATUS_ONLY,130,172
18,C179,1.3149144963317976,120.39412869599752,22.758751063683995,5385.164807134504,NO_KNOWN_OFFICIAL_SOLAR_POINT_HIT,Representative parcel-point screen; not exact cadastral polygon non-overlap proof.,YES,NO,NO,YES,YES,,Sentinel-2 annual RGB median review 2020-2026; 2026 through 2026-09-28; Energy Administration official solar-parcel point screen,Vegetated agricultural/rural mosaic remains broadly stable; no obvious major conversion.,NO,NO_NDVI_NDMI_OUTCOME; TRUE_COLOR_TREATMENT_STATUS_ONLY,130,172
19,C153,1.4650663691406385,120.38491371877764,22.7315190355106,3605.551275463989,NO_KNOWN_OFFICIAL_SOLAR_POINT_HIT,Representative parcel-point screen; not exact cadastral polygon non-overlap proof.,YES,NO,NO,YES,YES,,Sentinel-2 annual RGB median review 2020-2026; 2026 through 2026-09-28; Energy Administration official solar-parcel point screen,Predominantly vegetated site with minor existing development; no obvious major post-2022 conversion.,NO,NO_NDVI_NDMI_OUTCOME; TRUE_COLOR_TREATMENT_STATUS_ONLY,130,172
20,C313,1.502263514331132,120.45201044319889,22.78676793930391,8944.27190999916,NO_KNOWN_OFFICIAL_SOLAR_POINT_HIT,Representative parcel-point screen; not exact cadastral polygon non-overlap proof.,YES,NO,NO,YES,YES,,Sentinel-2 annual RGB median review 2020-2026; 2026 through 2026-09-28; Energy Administration official solar-parcel point screen,Predominantly vegetated site beside a pre-existing road; no obvious major post-2022 conversion.,NO,NO_NDVI_NDMI_OUTCOME; TRUE_COLOR_TREATMENT_STATUS_ONLY,130,172
