rank,candidate_id,match_score,center_lon,center_lat,located_official_points_screened,official_point_hits_inside,official_point_hits_within_100m,unresolved_official_records_reviewed,candidate_specific_unresolved_hold,government_solar_screen_after_review,exact_cadastral_polygon_overlap_proven,ready_for_visual_treatment_screening,caveat
1,C162,0.2517946103081083,120.38336489647324,22.81273725638963,313,0,0,10,NO,NO_KNOWN_OFFICIAL_SOLAR_POINT_HIT,NO,YES,Representative parcel-point screening plus unresolved-record review; not an exact cadastral polygon non-overlap proof.
2,C185,0.4652315955619134,120.39309919668923,22.81289686183826,313,0,0,10,NO,NO_KNOWN_OFFICIAL_SOLAR_POINT_HIT,NO,YES,Representative parcel-point screening plus unresolved-record review; not an exact cadastral polygon non-overlap proof.
3,C172,0.5171428888591972,120.39532582798384,22.69558044649453,313,0,0,10,NO,NO_KNOWN_OFFICIAL_SOLAR_POINT_HIT,NO,YES,Representative parcel-point screening plus unresolved-record review; not an exact cadastral polygon non-overlap proof.
4,C176,0.5363053489651299,120.39464227305544,22.731678010447084,313,0,0,10,NO,NO_KNOWN_OFFICIAL_SOLAR_POINT_HIT,NO,YES,Representative parcel-point screening plus unresolved-record review; not an exact cadastral polygon non-overlap proof.
5,C222,0.6749660652159561,120.41324962396575,22.77711658189245,313,0,0,10,NO,NO_KNOWN_OFFICIAL_SOLAR_POINT_HIT,NO,YES,Representative parcel-point screening plus unresolved-record review; not an exact cadastral polygon non-overlap proof.
6,C129,0.7415497265258386,120.37535754400412,22.72233523591619,313,0,0,10,NO,NO_KNOWN_OFFICIAL_SOLAR_POINT_HIT,NO,YES,Representative parcel-point screening plus unresolved-record review; not an exact cadastral polygon non-overlap proof.
7,C221,0.747979839198422,120.4134197998595,22.768092125725605,313,0,0,10,NO,NO_KNOWN_OFFICIAL_SOLAR_POINT_HIT,NO,YES,Representative parcel-point screening plus unresolved-record review; not an exact cadastral polygon non-overlap proof.
8,C177,0.8667892619811935,120.3944711674939,22.740702372935072,313,0,0,10,NO,NO_KNOWN_OFFICIAL_SOLAR_POINT_HIT,NO,YES,Representative parcel-point screening plus unresolved-record review; not an exact cadastral polygon non-overlap proof.
9,C290,1.022337966050791,120.44227754459432,22.78661210023136,313,0,0,10,NO,NO_KNOWN_OFFICIAL_SOLAR_POINT_HIT,NO,YES,Representative parcel-point screening plus unresolved-record review; not an exact cadastral polygon non-overlap proof.
10,C264,1.050633421518259,120.43305142783332,22.75938188504691,313,0,0,10,NO,NO_KNOWN_OFFICIAL_SOLAR_POINT_HIT,NO,YES,Representative parcel-point screening plus unresolved-record review; not an exact cadastral polygon non-overlap proof.
11,C268,1.1647540155558231,120.4323756612332,22.795480240097117,313,0,0,10,NO,NO_KNOWN_OFFICIAL_SOLAR_POINT_HIT,NO,YES,Representative parcel-point screening plus unresolved-record review; not an exact cadastral polygon non-overlap proof.
12,C269,1.1666240511080066,120.43220650554149,22.804504800380847,313,0,0,10,NO,NO_KNOWN_OFFICIAL_SOLAR_POINT_HIT,NO,YES,Representative parcel-point screening plus unresolved-record review; not an exact cadastral polygon non-overlap proof.
13,C152,1.18077050375492,120.3850853744048,22.72249473163106,313,0,0,10,NO,NO_KNOWN_OFFICIAL_SOLAR_POINT_HIT,NO,YES,Representative parcel-point screening plus unresolved-record review; not an exact cadastral polygon non-overlap proof.
14,C146,1.1810362505497034,120.38611348091644,22.66834866890032,313,0,0,10,NO,NO_KNOWN_OFFICIAL_SOLAR_POINT_HIT,NO,YES,Representative parcel-point screening plus unresolved-record review; not an exact cadastral polygon non-overlap proof.
15,C241,1.187231291853465,120.42332061575472,22.759225067560703,313,0,0,10,NO,NO_KNOWN_OFFICIAL_SOLAR_POINT_HIT,NO,YES,Representative parcel-point screening plus unresolved-record review; not an exact cadastral polygon non-overlap proof.
16,C171,1.2182188665854132,120.39549650001332,22.68655602702543,313,0,0,10,NO,NO_KNOWN_OFFICIAL_SOLAR_POINT_HIT,NO,YES,Representative parcel-point screening plus unresolved-record review; not an exact cadastral polygon non-overlap proof.
17,C291,1.2662764647709193,120.44210911375475,22.79563674068316,313,0,0,10,NO,NO_KNOWN_OFFICIAL_SOLAR_POINT_HIT,NO,YES,Representative parcel-point screening plus unresolved-record review; not an exact cadastral polygon non-overlap proof.
18,C179,1.3149144963317976,120.39412869599752,22.758751063683995,313,0,0,10,NO,NO_KNOWN_OFFICIAL_SOLAR_POINT_HIT,NO,YES,Representative parcel-point screening plus unresolved-record review; not an exact cadastral polygon non-overlap proof.
19,C153,1.4650663691406385,120.38491371877764,22.7315190355106,313,0,0,10,NO,NO_KNOWN_OFFICIAL_SOLAR_POINT_HIT,NO,YES,Representative parcel-point screening plus unresolved-record review; not an exact cadastral polygon non-overlap proof.
20,C313,1.502263514331132,120.45201044319889,22.78676793930391,313,0,0,10,NO,NO_KNOWN_OFFICIAL_SOLAR_POINT_HIT,NO,YES,Representative parcel-point screening plus unresolved-record review; not an exact cadastral polygon non-overlap proof.
