system:index,analysis_crs,analysis_scale_m,mean_NDMI_P70,mean_NDVI_P70,mean_valid_obs,period_id,scene_count,year,.geo
0,EPSG:32651,10,0.2025391331819912,0.7414150511513329,9.319517346221271,Jan-Feb,22,2022,"{""type"":""MultiPoint"",""coordinates"":[]}"
1,EPSG:32651,10,0.2028272235135437,0.7529553310620426,11.960243703762398,Mar-Apr,26,2022,"{""type"":""MultiPoint"",""coordinates"":[]}"
2,EPSG:32651,10,0.23950060885854263,0.6205489431452261,2.4198926736694757,May-Jun,24,2022,"{""type"":""MultiPoint"",""coordinates"":[]}"
3,EPSG:32651,10,0.2598145722966595,0.770601517480543,8.928800273340393,Jul-Aug,24,2022,"{""type"":""MultiPoint"",""coordinates"":[]}"
4,EPSG:32651,10,0.2646753293662798,0.7552907440066542,6.66007497053668,Sep-Oct,24,2022,"{""type"":""MultiPoint"",""coordinates"":[]}"
5,EPSG:32651,10,0.16379089621633883,0.6168275096529763,15.174122042526214,Nov-Dec,26,2022,"{""type"":""MultiPoint"",""coordinates"":[]}"
6,EPSG:32651,10,0.10577579179016425,0.5618994068428627,11.091568414328592,Jan-Feb,22,2023,"{""type"":""MultiPoint"",""coordinates"":[]}"
7,EPSG:32651,10,0.03587448737414173,0.45712696332153513,9.577635234171506,Mar-Apr,26,2023,"{""type"":""MultiPoint"",""coordinates"":[]}"
8,EPSG:32651,10,0.10308816316546902,0.5671049549988803,8.00443063987403,May-Jun,24,2023,"{""type"":""MultiPoint"",""coordinates"":[]}"
9,EPSG:32651,10,0.18340787419695942,0.6654833468181528,6.548959870460424,Jul-Aug,24,2023,"{""type"":""MultiPoint"",""coordinates"":[]}"
10,EPSG:32651,10,0.24078163737934863,0.713886567474898,8.975854931516349,Sep-Oct,24,2023,"{""type"":""MultiPoint"",""coordinates"":[]}"
11,EPSG:32651,10,0.21183265171915114,0.7141791228088619,15.876903355352407,Nov-Dec,26,2023,"{""type"":""MultiPoint"",""coordinates"":[]}"
12,EPSG:32651,10,0.1002878405866178,0.5992891093486872,18.029341383340103,Jan-Feb,24,2024,"{""type"":""MultiPoint"",""coordinates"":[]}"
13,EPSG:32651,10,0.02928206147950235,0.5050912793386243,9.561677379101338,Mar-Apr,24,2024,"{""type"":""MultiPoint"",""coordinates"":[]}"
14,EPSG:32651,10,0.16432536563970665,0.6726713406219413,5.1857216780723565,May-Jun,24,2024,"{""type"":""MultiPoint"",""coordinates"":[]}"
15,EPSG:32651,10,0.15452550041285465,0.707765155334549,13.237023139849258,Jul-Aug,24,2024,"{""type"":""MultiPoint"",""coordinates"":[]}"
16,EPSG:32651,10,0.1937025655600281,0.7122946384343569,7.02581321244293,Sep-Oct,26,2024,"{""type"":""MultiPoint"",""coordinates"":[]}"
17,EPSG:32651,10,0.18290996900669695,0.6940682585346079,9.894931689659611,Nov-Dec,26,2024,"{""type"":""MultiPoint"",""coordinates"":[]}"
