system:index,analysis_crs,analysis_scale_m,baseline_mean_NDMI_P70,baseline_mean_NDVI_P70,baseline_mean_valid_obs,baseline_ndmi_threshold,baseline_ndvi_threshold,baseline_scene_count,baseline_vegetation_ha,baseline_year,combined_loss_ha,comparable_baseline_vegetation_ha,loss_fraction_comparable_baseline,loss_fraction_full_baseline,month,month_name,ndmi_drop_threshold,ndvi_drop_threshold,target_mean_NDMI_P70,target_mean_NDVI_P70,target_mean_valid_obs,target_scene_count,target_year,.geo
0,EPSG:32651,10,0.20199035273390678,0.738460950057831,5.494906435383716,0.1,0.55,12,52.15096270134721,2022,14.401304321519492,52.15096270134721,0.2761464712356588,0.2761464712356588,1,Jan,0.1,0.2,0.12778191299857883,0.578251773726105,6.0,12,2023,"{""type"":""MultiPoint"",""coordinates"":[]}"
1,EPSG:32651,10,0.21185110782800992,0.747987517580282,3.8246109108375523,0.1,0.55,10,52.8153545680148,2022,18.763696713550114,52.69546771117276,0.35607799927680955,0.3552697291729153,2,Feb,0.1,0.2,0.07724916990617225,0.5482798125215008,5.101230505523077,10,2023,"{""type"":""MultiPoint"",""coordinates"":[]}"
2,EPSG:32651,10,0.19475359070210574,0.7368171775325936,7.4725854931516364,0.1,0.55,14,53.98719257202157,2022,20.58598011310357,53.98719257125863,0.38131229153899376,0.38131229153360513,3,Mar,0.1,0.2,0.06651347071437913,0.5166506440887221,4.086036613748231,14,2023,"{""type"":""MultiPoint"",""coordinates"":[]}"
3,EPSG:32651,10,0.1863414358014017,0.7388421417352359,4.48765821061076,0.1,0.55,12,49.60529711488324,2022,43.84590306242709,49.60529711488324,0.8838955839914092,0.8838955839914092,4,Apr,0.1,0.2,-0.012234734061644801,0.4078593818703106,5.491598620423278,12,2023,"{""type"":""MultiPoint"",""coordinates"":[]}"
4,EPSG:32651,10,0.15533369307251568,0.6453222400042476,1.7624169603822322,0.1,0.55,12,4.2238932235957165,2022,0.03040261728623334,4.2238932235957165,0.00719777126855309,0.00719777126855309,5,May,0.1,0.2,0.031016332113587564,0.46815909713037285,3.7475785606053087,12,2023,"{""type"":""MultiPoint"",""coordinates"":[]}"
5,EPSG:32651,10,0.24135121001529208,0.6170871118398886,2.28213647253721,0.1,0.55,12,43.08375838384888,2022,4.891147221353576,43.08375838384888,0.11352647505300176,0.11352647505300176,6,Jun,0.1,0.2,0.11823447187252645,0.6369723980181476,4.256852079268717,12,2023,"{""type"":""MultiPoint"",""coordinates"":[]}"
6,EPSG:32651,10,0.24912789691456302,0.7658697739418567,5.158301600427837,0.1,0.55,12,53.35007512205845,2022,9.039197647776914,53.35007512205845,0.1694317698165623,0.1694317698165623,7,Jul,0.1,0.2,0.1645536503877376,0.6481734141925236,5.140077669277926,12,2023,"{""type"":""MultiPoint"",""coordinates"":[]}"
7,EPSG:32651,10,0.27289903317925346,0.7856099945795084,3.770498672912562,0.1,0.55,12,55.08259668749654,2022,8.744969316876,38.47122274239921,0.22731196706254286,0.1587610214981216,8,Aug,0.1,0.2,0.193529085967461,0.6345205134090262,1.9956748519778806,12,2023,"{""type"":""MultiPoint"",""coordinates"":[]}"
8,EPSG:32651,10,0.2827175823183165,0.6721365974307709,2.111469872436195,0.1,0.55,12,49.9746240968085,2022,5.040890873143821,49.974624097571436,0.10086901030614832,0.10086901030768823,9,Sep,0.1,0.2,0.22510998031573726,0.7121614978174099,4.980307235597637,12,2023,"{""type"":""MultiPoint"",""coordinates"":[]}"
9,EPSG:32651,10,0.2432977219839154,0.7424068059544084,4.712307374248566,0.1,0.55,12,53.076688155634365,2022,4.005869041047939,53.019448072895834,0.07555471033082645,0.0754732290247973,10,Oct,0.1,0.2,0.25966349490250257,0.710193827947635,3.999164243758308,12,2023,"{""type"":""MultiPoint"",""coordinates"":[]}"
10,EPSG:32651,10,0.18551474120760367,0.6202956815274612,7.118777420696615,0.1,0.55,12,46.358911181921975,2022,0.8547228306848859,46.358911181921975,0.01843707733623804,0.01843707733623804,11,Nov,0.1,0.2,0.22272895975845952,0.7262975504019333,8.93554836441425,12,2023,"{""type"":""MultiPoint"",""coordinates"":[]}"
11,EPSG:32651,10,0.1509859344857278,0.606012173235191,8.0553446218296,0.1,0.55,14,41.76955296943524,2022,2.5133194142599655,41.7695529686723,0.0601710872066308,0.06017108720553175,12,Dec,0.1,0.2,0.15724820539717166,0.6472136690179827,6.941354990938175,14,2023,"{""type"":""MultiPoint"",""coordinates"":[]}"
12,EPSG:32651,10,0.20199035273390678,0.738460950057831,5.494906435383716,0.1,0.55,12,52.15096270134721,2022,15.273075762930524,52.15096270211015,0.29286277705305985,0.29286277705734426,1,Jan,0.1,0.2,0.11629846270480271,0.60958991123805,8.029972740237492,12,2024,"{""type"":""MultiPoint"",""coordinates"":[]}"
13,EPSG:32651,10,0.21185110782800992,0.747987517580282,3.8246109108375523,0.1,0.55,10,52.8153545680148,2022,18.1720656396036,52.81535456725186,0.34406785277687374,0.34406785277190355,2,Feb,0.1,0.2,0.0683853570300053,0.5778285357818891,9.999368643102608,12,2024,"{""type"":""MultiPoint"",""coordinates"":[]}"
14,EPSG:32651,10,0.19475359070210574,0.7368171775325936,7.4725854931516364,0.1,0.55,14,53.98719257202157,2022,23.53931845098161,53.98719257125863,0.43601671674095027,0.4360167167347886,3,Mar,0.1,0.2,0.045817514033915416,0.5054203287594649,4.875251304804257,12,2024,"{""type"":""MultiPoint"",""coordinates"":[]}"
15,EPSG:32651,10,0.1863414358014017,0.7388421417352359,4.48765821061076,0.1,0.55,12,49.60529711488324,2022,21.367846040422034,49.60529711488324,0.4307573441387768,0.4307573441387768,4,Apr,0.1,0.2,0.013661168554522866,0.5061158045387641,4.686426074297089,12,2024,"{""type"":""MultiPoint"",""coordinates"":[]}"
16,EPSG:32651,10,0.15533369307251568,0.6453222400042476,1.7624169603822322,0.1,0.55,12,4.2238932235957165,2022,0.11808470613965805,3.0877106371801073,0.03824344960235668,0.027956366292596495,5,May,0.1,0.2,0.13359511097999052,0.6345087342058803,3.9438793266895735,12,2024,"{""type"":""MultiPoint"",""coordinates"":[]}"
17,EPSG:32651,10,0.24135121001529208,0.6170871118398886,2.28213647253721,0.1,0.55,12,43.08375838384888,2022,1.706547150878907,26.736337326363937,0.06382875597534184,0.039609987960536254,6,Jun,0.1,0.2,0.20277806828965445,0.6944321050316659,2.1441817308694557,12,2024,"{""type"":""MultiPoint"",""coordinates"":[]}"
18,EPSG:32651,10,0.24912789691456302,0.7658697739418567,5.158301600427837,0.1,0.55,12,53.35007512205845,2022,7.498263007163275,53.35007512205845,0.14054831206906768,0.14054831206906768,7,Jul,0.1,0.2,0.15098151925058875,0.7070757746023566,10.309080150139145,12,2024,"{""type"":""MultiPoint"",""coordinates"":[]}"
19,EPSG:32651,10,0.27289903317925346,0.7856099945795084,3.770498672912562,0.1,0.55,12,55.08259668749654,2022,9.918212731095874,46.277282771603815,0.21432141511086697,0.1800607329274158,8,Aug,0.1,0.2,0.13026206600938192,0.6385748083350548,3.4010782120776177,12,2024,"{""type"":""MultiPoint"",""coordinates"":[]}"
20,EPSG:32651,10,0.2827175823183165,0.6721365974307709,2.111469872436195,0.1,0.55,12,49.9746240968085,2022,6.276002574005137,49.974624097571436,0.1255837875188765,0.12558378752079374,9,Sep,0.1,0.2,0.20530912457393058,0.7264558831222618,4.73767987481802,12,2024,"{""type"":""MultiPoint"",""coordinates"":[]}"
21,EPSG:32651,10,0.2432977219839154,0.7424068059544084,4.712307374248566,0.1,0.55,12,53.076688155634365,2022,13.631927167621713,47.80984097407031,0.2851280592005105,0.25683454716785326,10,Oct,0.1,0.2,0.15881342601078777,0.5545668786541712,2.536834744273886,14,2024,"{""type"":""MultiPoint"",""coordinates"":[]}"
22,EPSG:32651,10,0.18551474120760367,0.6202956815274612,7.118777420696615,0.1,0.55,12,46.358911181921975,2022,3.2079579279821075,46.358911181921975,0.0691983018193291,0.0691983018193291,11,Nov,0.1,0.2,0.18957351376305617,0.6942679967448486,3.894931689659609,12,2024,"{""type"":""MultiPoint"",""coordinates"":[]}"
23,EPSG:32651,10,0.1509859344857278,0.606012173235191,8.0553446218296,0.1,0.55,14,41.76955296943524,2022,1.6787331464879656,41.7695529686723,0.040190354628574475,0.04019035462784038,12,Dec,0.1,0.2,0.20339930983294435,0.7101575480326427,6.0,14,2024,"{""type"":""MultiPoint"",""coordinates"":[]}"
