system:index,analysis_crs,analysis_scale_m,baseline_mean_NDMI_P70,baseline_mean_NDVI_P70,baseline_mean_valid_obs,baseline_ndmi_threshold,baseline_ndvi_threshold,baseline_scene_count,baseline_vegetation_ha,baseline_year,combined_loss_ha,comparable_baseline_vegetation_ha,loss_fraction_comparable_baseline,loss_fraction_full_baseline,ndmi_drop_threshold,ndvi_drop_threshold,period_id,target_mean_NDMI_P70,target_mean_NDVI_P70,target_mean_valid_obs,target_scene_count,target_year,.geo
0,EPSG:32651,10,0.2025391331819912,0.7414150511513329,9.319517346221271,0.1,0.55,22,52.347326601269316,2022,15.612083184964101,52.347326602032254,0.2982403151865639,0.2982403151909106,0.1,0.2,Jan-Feb,0.10577579179016425,0.5618994068428627,11.091568414328592,22,2023,"{""type"":""MultiPoint"",""coordinates"":[]}"
1,EPSG:32651,10,0.2028272235135437,0.7529553310620426,11.960243703762398,0.1,0.55,26,56.13356187775567,2022,31.48268282351031,56.13356187775567,0.5608531112290972,0.5608531112290972,0.1,0.2,Mar-Apr,0.03587448737414173,0.45712696332153513,9.577635234171506,26,2023,"{""type"":""MultiPoint"",""coordinates"":[]}"
2,EPSG:32651,10,0.23950060885854263,0.6205489431452261,2.4198926736694757,0.1,0.55,24,44.24967726837159,2022,5.645298033201941,44.249677267608654,0.12757828716039865,0.127578287158199,0.1,0.2,May-Jun,0.10308816316546902,0.5671049549988803,8.00443063987403,24,2023,"{""type"":""MultiPoint"",""coordinates"":[]}"
3,EPSG:32651,10,0.2598145722966595,0.770601517480543,8.928800273340393,0.1,0.55,24,54.50044045548693,2022,8.581435152890096,54.50044045472399,0.15745625322090903,0.15745625321870485,0.1,0.2,Jul-Aug,0.18340787419695942,0.6654833468181528,6.548959870460424,24,2023,"{""type"":""MultiPoint"",""coordinates"":[]}"
4,EPSG:32651,10,0.2646753293662798,0.7552907440066542,6.66007497053668,0.1,0.55,24,55.55783429606431,2022,5.148123408900252,55.55783429606431,0.09266242059519846,0.09266242059519846,0.1,0.2,Sep-Oct,0.24078163737934863,0.713886567474898,8.975854931516349,24,2023,"{""type"":""MultiPoint"",""coordinates"":[]}"
5,EPSG:32651,10,0.16379089621633883,0.6168275096529763,15.174122042526214,0.1,0.55,26,43.878583118833745,2022,0.33168697937011726,43.8785831180708,0.007559199860159488,0.007559199860028051,0.1,0.2,Nov-Dec,0.21183265171915114,0.7141791228088619,15.876903355352407,26,2023,"{""type"":""MultiPoint"",""coordinates"":[]}"
6,EPSG:32651,10,0.2025391331819912,0.7414150511513329,9.319517346221271,0.1,0.55,22,52.347326601269316,2022,16.23060405900849,52.347326601269316,0.31005602602473553,0.31005602602473553,0.1,0.2,Jan-Feb,0.1002878405866178,0.5992891093486872,18.029341383340103,24,2024,"{""type"":""MultiPoint"",""coordinates"":[]}"
7,EPSG:32651,10,0.2028272235135437,0.7529553310620426,11.960243703762398,0.1,0.55,26,56.13356187775567,2022,24.618928705731562,56.13356187775567,0.43857770435706894,0.43857770435706894,0.1,0.2,Mar-Apr,0.02928206147950235,0.5050912793386243,9.561677379101338,24,2024,"{""type"":""MultiPoint"",""coordinates"":[]}"
8,EPSG:32651,10,0.23950060885854263,0.6205489431452261,2.4198926736694757,0.1,0.55,24,44.24967726837159,2022,4.298339026465327,44.249677267608654,0.09713831358521044,0.09713831358353561,0.1,0.2,May-Jun,0.16432536563970665,0.6726713406219413,5.1857216780723565,24,2024,"{""type"":""MultiPoint"",""coordinates"":[]}"
9,EPSG:32651,10,0.2598145722966595,0.770601517480543,8.928800273340393,0.1,0.55,24,54.50044045548693,2022,7.999006204881869,54.50044045472399,0.14676956989965997,0.1467695698976054,0.1,0.2,Jul-Aug,0.15452550041285465,0.707765155334549,13.237023139849258,24,2024,"{""type"":""MultiPoint"",""coordinates"":[]}"
10,EPSG:32651,10,0.2646753293662798,0.7552907440066542,6.66007497053668,0.1,0.55,24,55.55783429606431,2022,7.899021302762513,55.557834296827245,0.14217655174535132,0.14217655174730373,0.1,0.2,Sep-Oct,0.1937025655600281,0.7122946384343569,7.02581321244293,26,2024,"{""type"":""MultiPoint"",""coordinates"":[]}"
11,EPSG:32651,10,0.16379089621633883,0.6168275096529763,15.174122042526214,0.1,0.55,26,43.878583118833745,2022,2.2129746093570484,43.878583118833745,0.0504340489610565,0.0504340489610565,0.1,0.2,Nov-Dec,0.18290996900669695,0.6940682585346079,9.894931689659611,26,2024,"{""type"":""MultiPoint"",""coordinates"":[]}"
