system:index,analysis_crs,analysis_scale_m,mean_NDMI_P70,mean_NDVI_P70,mean_valid_obs,month,month_name,scene_count,year,.geo
0,EPSG:32651,10,0.20199035273390678,0.738460950057831,5.494906435383716,1,Jan,12,2022,"{""type"":""MultiPoint"",""coordinates"":[]}"
1,EPSG:32651,10,0.21185110782800992,0.747987517580282,3.8246109108375523,2,Feb,10,2022,"{""type"":""MultiPoint"",""coordinates"":[]}"
2,EPSG:32651,10,0.19475359070210574,0.7368171775325936,7.4725854931516364,3,Mar,14,2022,"{""type"":""MultiPoint"",""coordinates"":[]}"
3,EPSG:32651,10,0.1863414358014017,0.7388421417352359,4.48765821061076,4,Apr,12,2022,"{""type"":""MultiPoint"",""coordinates"":[]}"
4,EPSG:32651,10,0.15533369307251568,0.6453222400042476,1.7624169603822322,5,May,12,2022,"{""type"":""MultiPoint"",""coordinates"":[]}"
5,EPSG:32651,10,0.24135121001529208,0.6170871118398886,2.28213647253721,6,Jun,12,2022,"{""type"":""MultiPoint"",""coordinates"":[]}"
6,EPSG:32651,10,0.24912789691456302,0.7658697739418567,5.158301600427837,7,Jul,12,2022,"{""type"":""MultiPoint"",""coordinates"":[]}"
7,EPSG:32651,10,0.27289903317925346,0.7856099945795084,3.770498672912562,8,Aug,12,2022,"{""type"":""MultiPoint"",""coordinates"":[]}"
8,EPSG:32651,10,0.2827175823183165,0.6721365974307709,2.111469872436195,9,Sep,12,2022,"{""type"":""MultiPoint"",""coordinates"":[]}"
9,EPSG:32651,10,0.2432977219839154,0.7424068059544084,4.712307374248566,10,Oct,12,2022,"{""type"":""MultiPoint"",""coordinates"":[]}"
10,EPSG:32651,10,0.18551474120760367,0.6202956815274612,7.118777420696615,11,Nov,12,2022,"{""type"":""MultiPoint"",""coordinates"":[]}"
11,EPSG:32651,10,0.1509859344857278,0.606012173235191,8.0553446218296,12,Dec,14,2022,"{""type"":""MultiPoint"",""coordinates"":[]}"
12,EPSG:32651,10,0.12778191299857883,0.578251773726105,6.0,1,Jan,12,2023,"{""type"":""MultiPoint"",""coordinates"":[]}"
13,EPSG:32651,10,0.07724916990617225,0.5482798125215008,5.101230505523077,2,Feb,10,2023,"{""type"":""MultiPoint"",""coordinates"":[]}"
14,EPSG:32651,10,0.06651347071437913,0.5166506440887221,4.086036613748231,3,Mar,14,2023,"{""type"":""MultiPoint"",""coordinates"":[]}"
15,EPSG:32651,10,-0.012234734061644801,0.4078593818703106,5.491598620423278,4,Apr,12,2023,"{""type"":""MultiPoint"",""coordinates"":[]}"
16,EPSG:32651,10,0.031016332113587564,0.46815909713037285,3.7475785606053087,5,May,12,2023,"{""type"":""MultiPoint"",""coordinates"":[]}"
17,EPSG:32651,10,0.11823447187252645,0.6369723980181476,4.256852079268717,6,Jun,12,2023,"{""type"":""MultiPoint"",""coordinates"":[]}"
18,EPSG:32651,10,0.1645536503877376,0.6481734141925236,5.140077669277926,7,Jul,12,2023,"{""type"":""MultiPoint"",""coordinates"":[]}"
19,EPSG:32651,10,0.193529085967461,0.6345205134090262,1.9956748519778806,8,Aug,12,2023,"{""type"":""MultiPoint"",""coordinates"":[]}"
20,EPSG:32651,10,0.22510998031573726,0.7121614978174099,4.980307235597637,9,Sep,12,2023,"{""type"":""MultiPoint"",""coordinates"":[]}"
21,EPSG:32651,10,0.25966349490250257,0.710193827947635,3.999164243758308,10,Oct,12,2023,"{""type"":""MultiPoint"",""coordinates"":[]}"
22,EPSG:32651,10,0.22272895975845952,0.7262975504019333,8.93554836441425,11,Nov,12,2023,"{""type"":""MultiPoint"",""coordinates"":[]}"
23,EPSG:32651,10,0.15724820539717166,0.6472136690179827,6.941354990938175,12,Dec,14,2023,"{""type"":""MultiPoint"",""coordinates"":[]}"
24,EPSG:32651,10,0.11629846270480271,0.60958991123805,8.029972740237492,1,Jan,12,2024,"{""type"":""MultiPoint"",""coordinates"":[]}"
25,EPSG:32651,10,0.0683853570300053,0.5778285357818891,9.999368643102608,2,Feb,12,2024,"{""type"":""MultiPoint"",""coordinates"":[]}"
26,EPSG:32651,10,0.045817514033915416,0.5054203287594649,4.875251304804257,3,Mar,12,2024,"{""type"":""MultiPoint"",""coordinates"":[]}"
27,EPSG:32651,10,0.013661168554522866,0.5061158045387641,4.686426074297089,4,Apr,12,2024,"{""type"":""MultiPoint"",""coordinates"":[]}"
28,EPSG:32651,10,0.13359511097999052,0.6345087342058803,3.9438793266895735,5,May,12,2024,"{""type"":""MultiPoint"",""coordinates"":[]}"
29,EPSG:32651,10,0.20277806828965445,0.6944321050316659,2.1441817308694557,6,Jun,12,2024,"{""type"":""MultiPoint"",""coordinates"":[]}"
30,EPSG:32651,10,0.15098151925058875,0.7070757746023566,10.309080150139145,7,Jul,12,2024,"{""type"":""MultiPoint"",""coordinates"":[]}"
31,EPSG:32651,10,0.13026206600938192,0.6385748083350548,3.4010782120776177,8,Aug,12,2024,"{""type"":""MultiPoint"",""coordinates"":[]}"
32,EPSG:32651,10,0.20530912457393058,0.7264558831222618,4.73767987481802,9,Sep,12,2024,"{""type"":""MultiPoint"",""coordinates"":[]}"
33,EPSG:32651,10,0.15881342601078777,0.5545668786541712,2.536834744273886,10,Oct,14,2024,"{""type"":""MultiPoint"",""coordinates"":[]}"
34,EPSG:32651,10,0.18957351376305617,0.6942679967448486,3.894931689659609,11,Nov,12,2024,"{""type"":""MultiPoint"",""coordinates"":[]}"
35,EPSG:32651,10,0.20339930983294435,0.7101575480326427,6.0,12,Dec,14,2024,"{""type"":""MultiPoint"",""coordinates"":[]}"
