system:index,baseline_vegetation_ha,baseline_window,combined_loss_ha,comparable_baseline_vegetation_ha,loss_fraction_comparable_baseline,loss_fraction_full_baseline,target_period,target_year,warning,.geo
0,58.23981001565387,2022_Mar-Jul_P70,15.50669512167543,58.23981001641681,0.26625593588482444,0.26625593588831237,Jan-Feb,2023,SUPPLEMENTAL ONLY: seasonal windows differ; do not use as a controlled onset test,"{""type"":""MultiPoint"",""coordinates"":[]}"
1,58.23981001565387,2022_Mar-Jul_P70,38.0266290752576,58.23981001565387,0.6529318873986143,0.6529318873986143,Mar-Apr,2023,SUPPLEMENTAL ONLY: seasonal windows differ; do not use as a controlled onset test,"{""type"":""MultiPoint"",""coordinates"":[]}"
2,58.23981001565387,2022_Mar-Jul_P70,15.755129333238845,58.23981001565387,0.270521647117395,0.270521647117395,May-Jun,2023,SUPPLEMENTAL ONLY: seasonal windows differ; do not use as a controlled onset test,"{""type"":""MultiPoint"",""coordinates"":[]}"
3,58.23981001565387,2022_Mar-Jul_P70,10.952803237559035,58.23981001641681,0.1880638558826278,0.18806385588509145,Jul-Aug,2023,SUPPLEMENTAL ONLY: seasonal windows differ; do not use as a controlled onset test,"{""type"":""MultiPoint"",""coordinates"":[]}"
4,58.23981001565387,2022_Mar-Jul_P70,6.038732047149079,58.23981001641681,0.10368735827687046,0.10368735827822875,Sep-Oct,2023,SUPPLEMENTAL ONLY: seasonal windows differ; do not use as a controlled onset test,"{""type"":""MultiPoint"",""coordinates"":[]}"
5,58.23981001565387,2022_Mar-Jul_P70,8.06427168431004,58.23981001641681,0.13846665506011882,0.13846665506193273,Nov-Dec,2023,SUPPLEMENTAL ONLY: seasonal windows differ; do not use as a controlled onset test,"{""type"":""MultiPoint"",""coordinates"":[]}"
6,58.23981001565387,2022_Mar-Jul_P70,16.1922124750295,58.23981001641681,0.27802653323328474,0.2780265332369269,Jan-Feb,2024,SUPPLEMENTAL ONLY: seasonal windows differ; do not use as a controlled onset test,"{""type"":""MultiPoint"",""coordinates"":[]}"
7,58.23981001565387,2022_Mar-Jul_P70,28.400343842067365,58.23981001565387,0.4876448572623062,0.4876448572623062,Mar-Apr,2024,SUPPLEMENTAL ONLY: seasonal windows differ; do not use as a controlled onset test,"{""type"":""MultiPoint"",""coordinates"":[]}"
8,58.23981001565387,2022_Mar-Jul_P70,11.043230446005456,58.23981001641681,0.18961652592775555,0.18961652593023953,May-Jun,2024,SUPPLEMENTAL ONLY: seasonal windows differ; do not use as a controlled onset test,"{""type"":""MultiPoint"",""coordinates"":[]}"
9,58.23981001565387,2022_Mar-Jul_P70,9.835467566058602,58.23981001641681,0.16887877146725155,0.16887877146946384,Jul-Aug,2024,SUPPLEMENTAL ONLY: seasonal windows differ; do not use as a controlled onset test,"{""type"":""MultiPoint"",""coordinates"":[]}"
10,58.23981001565387,2022_Mar-Jul_P70,8.638400249612866,58.23981001565387,0.1483246639590859,0.1483246639590859,Sep-Oct,2024,SUPPLEMENTAL ONLY: seasonal windows differ; do not use as a controlled onset test,"{""type"":""MultiPoint"",""coordinates"":[]}"
11,58.23981001565387,2022_Mar-Jul_P70,10.638277659684752,58.23981001641681,0.18266333040382518,0.18266333040621807,Nov-Dec,2024,SUPPLEMENTAL ONLY: seasonal windows differ; do not use as a controlled onset test,"{""type"":""MultiPoint"",""coordinates"":[]}"
