system:index,base_ndmi_min,base_ndvi_min,baseline_veg_area_ha,baseline_veg_fraction_of_site,baseline_veg_valid_fraction_this_year,baseline_veg_valid_this_year_ha,baseline_year,loss_area_ha,loss_fraction_of_2022_baseline,loss_fraction_of_valid_2022_baseline,mean_ndmi_p70,mean_ndvi_p70,mean_valid_obs,median_ndmi_p70,median_ndvi_p70,ndmi_drop_min,ndvi_drop_min,outcome_data_used_for_control_selection,pre_treatment_match_score,scene_count,selected_control_order,selection_frozen_before_outcome,site_area_ha_fixed_grid,site_id,site_type,window,year,.geo
0,0.1,0.55,58.23981001641681,0.920119785853376,1.0,58.23981001641681,2022,0.0,0.0,0.0,0.23191520104410154,0.7519092577502317,19.459544259356456,0.24426635381115597,0.7715803682804108,0.1,0.2,NO,,62,0,YES,63.29590006849121,SC0002,treatment,Mar-Jul,2022,"{""type"":""MultiPoint"",""coordinates"":[]}"
1,0.1,0.55,58.23981001641681,0.920119785853376,0.9999999999869,58.23981001565387,2022,14.947460851643925,0.25665366778206333,0.2566536677854255,0.11935351150673347,0.6054368677908601,22.722143543323458,0.15825585154275307,0.7325078605193097,0.1,0.2,NO,,62,0,YES,63.29590006849121,SC0002,treatment,Mar-Jul,2023,"{""type"":""MultiPoint"",""coordinates"":[]}"
2,0.1,0.55,58.23981001641681,0.920119785853376,1.0,58.23981001641681,2022,11.043817638214739,0.18962660824445812,0.18962660824445812,0.15804514331877736,0.6776800930874399,25.056479207312844,0.24588137528903653,0.8027852691527555,0.1,0.2,NO,,60,0,YES,63.29590006849121,SC0002,treatment,Mar-Jul,2024,"{""type"":""MultiPoint"",""coordinates"":[]}"
3,0.1,0.55,58.23981001641681,0.920119785853376,0.9999999999869,58.23981001565387,2022,21.545707303688257,0.3699481041853483,0.3699481041901946,0.05341328601310135,0.5574247006917463,24.534315485327753,0.12929795310266293,0.6614334378995158,0.1,0.2,NO,,70,0,YES,63.29590006849121,SC0002,treatment,Mar-Jul,2025,"{""type"":""MultiPoint"",""coordinates"":[]}"
4,0.1,0.55,58.23981001641681,0.920119785853376,0.9999999999869,58.23981001565387,2022,16.795013412664105,0.2883768578216494,0.28837685782542716,0.059403678370284374,0.6028311458018436,31.25728288750461,0.14463863241192795,0.6739428449381457,0.1,0.2,NO,,74,0,YES,63.29590006849121,SC0002,treatment,Mar-Jul,2026,"{""type"":""MultiPoint"",""coordinates"":[]}"
5,0.1,0.55,57.73888931780028,0.9112126062381887,1.0,57.73888931780028,2022,0.0,0.0,0.0,0.23069542684559266,0.7603628923137548,23.66680577942402,0.25190656226538,0.7989406111076967,0.1,0.2,NO,0.25179461,62,1,YES,63.36489302553336,C162,control,Mar-Jul,2022,"{""type"":""MultiPoint"",""coordinates"":[]}"
6,0.1,0.55,57.73888931780028,0.9112126062381887,1.0,57.73888931780028,2022,0.7292814941406248,0.012630681032442291,0.012630681032442291,0.21819520649235913,0.7544013627219529,24.828630394715404,0.24016061963274607,0.7988991001574663,0.1,0.2,NO,0.25179461,62,1,YES,63.36489302553336,C162,control,Mar-Jul,2023,"{""type"":""MultiPoint"",""coordinates"":[]}"
7,0.1,0.55,57.73888931780028,0.9112126062381887,1.0,57.73888931780028,2022,0.8391764007568356,0.014533989321095696,0.014533989321095696,0.2573865032846612,0.813507611473907,23.097186645422564,0.2911269718197718,0.880971224678101,0.1,0.2,NO,0.25179461,62,1,YES,63.36489302553336,C162,control,Mar-Jul,2024,"{""type"":""MultiPoint"",""coordinates"":[]}"
8,0.1,0.55,57.73888931780028,0.9112126062381887,1.0,57.73888931780028,2022,0.6798418308632046,0.011774418228263644,0.011774418228263644,0.2427289825544063,0.8056044337545172,30.30748370989607,0.26767321120029436,0.8575115810507996,0.1,0.2,NO,0.25179461,70,1,YES,63.36489302553336,C162,control,Mar-Jul,2025,"{""type"":""MultiPoint"",""coordinates"":[]}"
9,0.1,0.55,57.73888931780028,0.9112126062381887,1.0,57.73888931780028,2022,1.2991522820267034,0.02250047233981324,0.02250047233981324,0.2291835014028642,0.7753499809258743,29.246339015934815,0.26376975680652415,0.8299302954805713,0.1,0.2,NO,0.25179461,74,1,YES,63.36489302553336,C162,control,Mar-Jul,2026,"{""type"":""MultiPoint"",""coordinates"":[]}"
10,0.1,0.55,55.71489553973313,0.8792591113581237,1.0,55.71489553973313,2022,0.0,0.0,0.0,0.24613389824291473,0.7437261041063233,17.651083564724225,0.27550086418985414,0.8105269822786582,0.1,0.2,NO,0.517142889,62,2,YES,63.365730101647316,C172,control,Mar-Jul,2022,"{""type"":""MultiPoint"",""coordinates"":[]}"
11,0.1,0.55,55.71489553973313,0.8792591113581237,1.0,55.71489553973313,2022,0.8491755752563483,0.015241446062673815,0.015241446062673815,0.23223748440056438,0.7777144055676136,24.28570112520577,0.27148083962214553,0.8652632646575616,0.1,0.2,NO,0.517142889,62,2,YES,63.365730101647316,C172,control,Mar-Jul,2023,"{""type"":""MultiPoint"",""coordinates"":[]}"
12,0.1,0.55,55.71489553973313,0.8792591113581237,1.0,55.71489553973313,2022,0.3496601417541504,0.006275882569048163,0.006275882569048163,0.2517253654901003,0.7367587760547807,21.73411656907133,0.2793410284900936,0.7989310683776585,0.1,0.2,NO,0.517142889,60,2,YES,63.365730101647316,C172,control,Mar-Jul,2024,"{""type"":""MultiPoint"",""coordinates"":[]}"
13,0.1,0.55,55.71489553973313,0.8792591113581237,1.0,55.71489553973313,2022,0.37963201217651366,0.006813833329468934,0.006813833329468934,0.25246695717087697,0.7800871345993957,29.368452812643483,0.28694382759092707,0.857503417875226,0.1,0.2,NO,0.517142889,70,2,YES,63.365730101647316,C172,control,Mar-Jul,2025,"{""type"":""MultiPoint"",""coordinates"":[]}"
14,0.1,0.55,55.71489553973313,0.8792591113581237,1.0,55.71489553973313,2022,0.6386731224149818,0.01146323826380526,0.01146323826380526,0.21695440466714994,0.7405893619491646,31.721433813550487,0.24413428213714367,0.8066938316820402,0.1,0.2,NO,0.517142889,74,2,YES,63.365730101647316,C172,control,Mar-Jul,2026,"{""type"":""MultiPoint"",""coordinates"":[]}"
15,0.1,0.55,54.58976199237302,0.8615029187257333,1.0,54.58976199237302,2022,0.0,0.0,0.0,0.22996617507168157,0.7292425476631244,20.108938891166172,0.24812390956930414,0.775486803204543,0.1,0.2,NO,0.536305349,62,3,YES,63.36573075471162,C176,control,Mar-Jul,2022,"{""type"":""MultiPoint"",""coordinates"":[]}"
16,0.1,0.55,54.58976199237302,0.8615029187257333,1.0,54.58976199237302,2022,0.1498549446105957,0.0027451107889338777,0.0027451107889338777,0.20164790282336006,0.7006024176586712,23.86705519314104,0.21310275411327445,0.7246489500632439,0.1,0.2,NO,0.536305349,62,3,YES,63.36573075471162,C176,control,Mar-Jul,2023,"{""type"":""MultiPoint"",""coordinates"":[]}"
17,0.1,0.55,54.58976199237302,0.8615029187257333,1.0,54.58976199237302,2022,0.04995169296264648,9.150377495623713E-4,9.150377495623713E-4,0.27830193384445767,0.8055355618899681,27.110212545744854,0.30279685771326165,0.8534069330840368,0.1,0.2,NO,0.536305349,60,3,YES,63.36573075471162,C176,control,Mar-Jul,2024,"{""type"":""MultiPoint"",""coordinates"":[]}"
18,0.1,0.55,54.58976199237302,0.8615029187257333,1.0,54.58976199237302,2022,0.5417087037120147,0.009923265534436645,0.009923265534436645,0.25403532716149213,0.7760203462157501,24.924923008817288,0.27920300702007417,0.8418291121862966,0.1,0.2,NO,0.536305349,70,3,YES,63.36573075471162,C176,control,Mar-Jul,2025,"{""type"":""MultiPoint"",""coordinates"":[]}"
19,0.1,0.55,54.58976199237302,0.8615029187257333,1.0,54.58976199237302,2022,1.068297173129812,0.019569551764652658,0.019569551764652658,0.20812693528179962,0.7423379184764239,28.351403771377733,0.22852503202144875,0.7909831440171973,0.1,0.2,NO,0.536305349,74,3,YES,63.36573075471162,C176,control,Mar-Jul,2026,"{""type"":""MultiPoint"",""coordinates"":[]}"
20,0.1,0.55,55.260696991884956,0.8720682277490223,1.0,55.260696991884956,2022,0.0,0.0,0.0,0.20281079648349123,0.7388857020851307,15.401944363552905,0.22070255021753343,0.7870899141863705,0.1,0.2,NO,0.674966065,62,4,YES,63.367400890780715,C222,control,Mar-Jul,2022,"{""type"":""MultiPoint"",""coordinates"":[]}"
21,0.1,0.55,55.260696991884956,0.8720682277490223,1.0,55.260696991884956,2022,0.2497251522109088,0.004519037323173484,0.004519037323173484,0.19876798610763297,0.7411857279809196,15.91257783358771,0.21685378937346267,0.7949937704068186,0.1,0.2,NO,0.674966065,62,4,YES,63.367400890780715,C222,control,Mar-Jul,2023,"{""type"":""MultiPoint"",""coordinates"":[]}"
22,0.1,0.55,55.260696991884956,0.8720682277490223,1.0,55.260696991884956,2022,0.23969458079618566,0.004337523662276371,0.004337523662276371,0.2594392420041372,0.8121628753991839,21.04279788523878,0.29117832562927765,0.8847963166325008,0.1,0.2,NO,0.674966065,62,4,YES,63.367400890780715,C222,control,Mar-Jul,2024,"{""type"":""MultiPoint"",""coordinates"":[]}"
23,0.1,0.55,55.260696991884956,0.8720682277490223,1.0,55.260696991884956,2022,0.38704550350114414,0.007003992431691222,0.007003992431691222,0.24871361723025656,0.7867191606152231,31.785429391619704,0.2753470399450772,0.8534611956129077,0.1,0.2,NO,0.674966065,70,4,YES,63.367400890780715,C222,control,Mar-Jul,2025,"{""type"":""MultiPoint"",""coordinates"":[]}"
24,0.1,0.55,55.260696991884956,0.8720682277490223,1.0,55.260696991884956,2022,0.6093448672575112,0.011026731482358857,0.011026731482358857,0.22830866183189494,0.7554795857575638,34.94403401028692,0.259791079619301,0.8184466322290148,0.1,0.2,NO,0.674966065,74,4,YES,63.367400890780715,C222,control,Mar-Jul,2026,"{""type"":""MultiPoint"",""coordinates"":[]}"
25,0.1,0.55,59.90564522071416,0.9454200961384265,1.0,59.90564522071416,2022,0.0,0.0,0.0,0.21565464412584182,0.7765373230058134,18.755499127299316,0.21670733884700835,0.7910776159930284,0.1,0.2,NO,0.741549727,62,5,YES,63.364048918992836,C129,control,Mar-Jul,2022,"{""type"":""MultiPoint"",""coordinates"":[]}"
26,0.1,0.55,59.90564522071416,0.9454200961384265,1.0,59.90564522071416,2022,0.0899106185913086,0.0015008705483439033,0.0015008705483439033,0.1972804777455015,0.8031456821703598,18.00695130991662,0.2012592721570924,0.824295761423473,0.1,0.2,NO,0.741549727,62,5,YES,63.364048918992836,C129,control,Mar-Jul,2023,"{""type"":""MultiPoint"",""coordinates"":[]}"
27,0.1,0.55,59.90564522071416,0.9454200961384265,1.0,59.90564522071416,2022,0.0,0.0,0.0,0.2776919034163925,0.8005389638490346,21.06078856530227,0.2831636955134411,0.8106131889304773,0.1,0.2,NO,0.741549727,60,5,YES,63.364048918992836,C129,control,Mar-Jul,2024,"{""type"":""MultiPoint"",""coordinates"":[]}"
28,0.1,0.55,59.90564522071416,0.9454200961384265,1.0,59.90564522071416,2022,0.009990044403076171,1.6676298813357603E-4,1.6676298813357603E-4,0.2659090249106652,0.817998007569303,25.004528274822484,0.27147058187670287,0.8378862435130326,0.1,0.2,NO,0.741549727,70,5,YES,63.364048918992836,C129,control,Mar-Jul,2025,"{""type"":""MultiPoint"",""coordinates"":[]}"
29,0.1,0.55,59.90564522071416,0.9454200961384265,1.0,59.90564522071416,2022,0.02871644836126589,4.793613065256882E-4,4.793613065256882E-4,0.20098854343260827,0.7705232177005669,24.252231832337536,0.2012061418729914,0.7871348738693549,0.1,0.2,NO,0.741549727,74,5,YES,63.364048918992836,C129,control,Mar-Jul,2026,"{""type"":""MultiPoint"",""coordinates"":[]}"
