year,scene_count,mean_NDVI_P70,median_NDVI_P70,mean_NDMI_P70,median_NDMI_P70,mean_valid_obs,analysis_crs,analysis_scale_m,grid_transform
2018,3,0.7036171912901886,0.7244274537303734,0.157948716081458,0.1737550888508847,1.5440068137026737,EPSG:32651,10,"10,0,0,0,-10,0"
2019,60,0.723266991953337,0.7362963707992961,0.21628620387086167,0.22173769046272432,18.536291880007525,EPSG:32651,10,"10,0,0,0,-10,0"
2020,62,0.7584049105184163,0.791118037069723,0.24017462755785854,0.24411344974337126,31.455280124389674,EPSG:32651,10,"10,0,0,0,-10,0"
2021,62,0.6655906264746853,0.70115312347937,0.132684243013407,0.1543703179086228,29.834029270200965,EPSG:32651,10,"10,0,0,0,-10,0"
2022,62,0.7519092577502317,0.7715803682804108,0.23191520104410154,0.24426635381115597,19.459544259356456,EPSG:32651,10,"10,0,0,0,-10,0"
2023,62,0.6054368677908601,0.7325078605193097,0.11935351150673347,0.15825585154275307,22.722143543323458,EPSG:32651,10,"10,0,0,0,-10,0"
2024,60,0.6776800930874399,0.8027852691527555,0.15804514331877736,0.24588137528903653,25.056479207312844,EPSG:32651,10,"10,0,0,0,-10,0"
2025,70,0.5574247006917463,0.6614334378995158,0.05341328601310135,0.12929795310266293,24.534315485327753,EPSG:32651,10,"10,0,0,0,-10,0"
2026,74,0.6028311458018436,0.6739428449381457,0.059403678370284374,0.14463863241192795,31.25728288750461,EPSG:32651,10,"10,0,0,0,-10,0"
