rank,system:index,BASEVEG_2022,ELEV_M,NDMI_2020,NDMI_2021,NDMI_2022,NDVI_2020,NDVI_2021,NDVI_2022,SLOPE_DEG,VALID_2020,VALID_2021,VALID_2022,abs_diff_BASEVEG_2022,abs_diff_ELEV_M,abs_diff_NDMI_2020,abs_diff_NDMI_2021,abs_diff_NDMI_2022,abs_diff_NDVI_2020,abs_diff_NDVI_2021,abs_diff_NDVI_2022,abs_diff_SLOPE_DEG,candidate_id,center_lat,center_lon,center_x_utm51n,center_y_utm51n,distance_from_sc0002_m,dx_m,dy_m,match_pass,match_score,nominal_square_area_ha,outcome_data_used_for_ranking,selection_data_end,.geo
1,161,0.911000471492034,82.5303556211676,0.2247468184615173,0.1279548500058455,0.2306390807679635,0.744678514282215,0.6733919433104604,0.7602841756411114,8.666109562253308,34.382554918316906,34.419878178322804,23.666552552823457,0.0091192634866235,12.165957997324483,0.0154278090963412,0.0047293930075615,0.001276120276138,0.0137263962362013,0.0078013168357751,0.0083749178908797,1.4216475552653538,C162,22.81273725638963,120.38336489647324,231409.013,2525169.146,11401.75425099138,-3000,11000,1,0.2517946103081083,63.456375334401,NO,2022-12-31,"{""geodesic"":false,""crs"":{""type"":""name"",""properties"":{""name"":""EPSG:32651""}},""type"":""Polygon"",""coordinates"":[[[231010.71545000002,2524770.8484500004],[231807.31055,2524770.8484500004],[231807.31055,2525567.44355],[231010.71545000002,2525567.44355],[231010.71545000002,2524770.8484500004]]]}"
2,184,0.9049464643349951,85.95609624369779,0.2391904511251203,0.1643664982025098,0.2504656184204982,0.735227387582741,0.6908780223863146,0.7636880801197189,9.643411351681136,35.27066979676407,32.66530924748514,17.380582437879543,0.0151732706436622,8.740217374794298,0.000984176432738154,0.0316822551891028,0.0185504173763967,0.0231775229356753,0.0252873959116293,0.0117788223694872,0.4443457658375251,C185,22.81289686183826,120.39309919668923,232409.013,2525169.146,11180.339887498949,-2000,11000,1,0.4652315955619134,63.456375334401,NO,2022-12-31,"{""geodesic"":false,""crs"":{""type"":""name"",""properties"":{""name"":""EPSG:32651""}},""type"":""Polygon"",""coordinates"":[[[232010.71545000002,2524770.8484500004],[232807.31055,2524770.8484500004],[232807.31055,2525567.44355],[232010.71545000002,2525567.44355],[232010.71545000002,2524770.8484500004]]]}"
3,171,0.879261580443771,115.94321888785969,0.2432968211422373,0.150114142217939,0.2461401503684754,0.7337777280194916,0.6425296665691222,0.7437263497999734,10.215358901421965,30.361401425104745,30.274910753293494,17.650564461859503,0.0408581545348865,21.2469052693676,0.0031221935843788,0.017429899204532,0.0142249493243739,0.0246271824989247,0.023060959905563,0.0081829079502582,0.1276017839033034,C172,22.69558044649453,120.39532582798384,232409.013,2512169.146,2828.42712474619,-2000,-2000,1,0.5171428888591972,63.456375334401,NO,2022-12-31,"{""geodesic"":false,""crs"":{""type"":""name"",""properties"":{""name"":""EPSG:32651""}},""type"":""Polygon"",""coordinates"":[[[232010.71545000002,2511770.8484500004],[232807.31055,2511770.8484500004],[232807.31055,2512567.44355],[232010.71545000002,2512567.44355],[232010.71545000002,2511770.8484500004]]]}"
4,175,0.8615166718471055,96.4131883057616,0.2441135193008902,0.1372879494403249,0.2299495089437379,0.7479548364861508,0.6436049485898604,0.7292369864787919,9.62988869471155,28.75452938235777,31.68033952370032,20.10867736906207,0.058603063131552,1.7168746872695235,0.0039388917430317,0.0046037064269179,0.0019656921003636,0.0104500740322655,0.0219856778848248,0.0226722712714397,0.4578684228071115,C176,22.731678010447084,120.39464227305544,232409.013,2516169.146,2828.42712474619,-2000,2000,1,0.5363053489651299,63.456375334401,NO,2022-12-31,"{""geodesic"":false,""crs"":{""type"":""name"",""properties"":{""name"":""EPSG:32651""}},""type"":""Polygon"",""coordinates"":[[[232010.71545000002,2515770.8484500004],[232807.31055,2515770.8484500004],[232807.31055,2516567.44355],[232010.71545000002,2516567.44355],[232010.71545000002,2515770.8484500004]]]}"
5,221,0.8719482013783872,80.61487752021114,0.2332701675419998,0.150012218085585,0.202778634486804,0.7540585218253019,0.690163571097839,0.7388461050911008,8.843950319659905,27.254931973524734,31.619472559225336,15.40111242458756,0.0481715336002702,14.081436098280946,0.0069044600158587,0.017327975072178,0.0291365665572974,0.0043463886931144,0.0245729446231537,0.0130631526591308,1.243806797858756,C222,22.77711658189245,120.41324962396575,234409.013,2521169.146,7000.0,0,7000,1,0.6749660652159561,63.456375334401,NO,2022-12-31,"{""geodesic"":false,""crs"":{""type"":""name"",""properties"":{""name"":""EPSG:32651""}},""type"":""Polygon"",""coordinates"":[[[234010.71545000002,2520770.8484500004],[234807.31055,2520770.8484500004],[234807.31055,2521567.44355],[234010.71545000002,2521567.44355],[234010.71545000002,2520770.8484500004]]]}"
6,128,0.945431130956758,98.70231179403636,0.2151872294055655,0.1266904514095707,0.2156771633033464,0.7547848100729955,0.657732904503992,0.7765553287337007,12.69130528616328,29.89999301722144,28.466603471491418,18.756534613880124,0.0253113959781005,4.005998175544278,0.024987398152293,0.0059937916038363,0.0162380377407551,0.0036201004454208,0.0078577219706932,0.024646070983469,2.6035481686446182,C129,22.72233523591619,120.37535754400412,230409.013,2515169.146,4123.105625617661,-4000,1000,1,0.7415497265258386,63.456375334401,NO,2022-12-31,"{""geodesic"":false,""crs"":{""type"":""name"",""properties"":{""name"":""EPSG:32651""}},""type"":""Polygon"",""coordinates"":[[[230010.71545000002,2514770.8484500004],[230807.31055,2514770.8484500004],[230807.31055,2515567.44355],[230010.71545000002,2515567.44355],[230010.71545000002,2514770.8484500004]]]}"
7,220,0.8849417308763007,118.30196562124776,0.2332106508794866,0.1332478492352796,0.2110471166462486,0.7538428043803839,0.6686414752230642,0.7441584180633685,12.727164368617991,26.49070209056973,33.05086367082809,15.671015969552604,0.0351780041023568,23.60565200275569,0.0069639766783718,0.0005636062218726534,0.0208680843978529,0.0045621061380324,0.0030508487483789,0.0077508396868631,2.639407251099332,C221,22.768092125725605,120.4134197998595,234409.013,2520169.146,6000.0,0,6000,1,0.747979839198422,63.456375334401,NO,2022-12-31,"{""geodesic"":false,""crs"":{""type"":""name"",""properties"":{""name"":""EPSG:32651""}},""type"":""Polygon"",""coordinates"":[[[234010.71545000002,2519770.8484500004],[234807.31055,2519770.8484500004],[234807.31055,2520567.44355],[234010.71545000002,2520567.44355],[234010.71545000002,2519770.8484500004]]]}"
8,176,0.861603802091991,81.6765997205652,0.2084841803139412,0.1237617137151581,0.2168389973114083,0.7333156224792996,0.6420201319099168,0.7450026562784715,11.331964059013815,30.068624028049747,31.04798775480188,21.99773832130297,0.0585159328866665,13.019713897926875,0.0316904472439173,0.0089225292982488,0.0150762037326931,0.0250892880391166,0.0235704945647684,0.0069066014717601,1.244206941495154,C177,22.740702372935072,120.3944711674939,232409.013,2517169.146,3605.551275463989,-2000,3000,1,0.8667892619811935,63.456375334401,NO,2022-12-31,"{""geodesic"":false,""crs"":{""type"":""name"",""properties"":{""name"":""EPSG:32651""}},""type"":""Polygon"",""coordinates"":[[[232010.71545000002,2516770.8484500004],[232807.31055,2516770.8484500004],[232807.31055,2517567.44355],[232010.71545000002,2517567.44355],[232010.71545000002,2516770.8484500004]]]}"
9,289,0.901697309529268,126.41355660098104,0.1856096159769777,0.139290666102971,0.2100161114421514,0.7231086169569009,0.6588037149251962,0.7386078855324648,10.815421140506,29.76459138077953,28.32627866724092,17.88033804063235,0.0184224254493895,31.717242982488955,0.0545650115808807,0.006606423089564,0.02189908960195,0.0352962935615154,0.006786911549489,0.0133013722177668,0.7276640229873372,C290,22.78661210023136,120.44227754459432,237409.013,2522169.146,8544.003745317532,3000,8000,1,1.022337966050791,63.456375334401,NO,2022-12-31,"{""geodesic"":false,""crs"":{""type"":""name"",""properties"":{""name"":""EPSG:32651""}},""type"":""Polygon"",""coordinates"":[[[237010.71545000002,2521770.8484500004],[237807.31055,2521770.8484500004],[237807.31055,2522567.44355],[237010.71545000002,2522567.44355],[237010.71545000002,2521770.8484500004]]]}"
10,263,0.9062750460832484,112.02954951191592,0.2109388840841594,0.1438177043031822,0.2260608845740383,0.7217149251834709,0.6523566007366353,0.7286061052757765,12.90833303895926,26.527483412811325,28.897755438379427,23.15501088510123,0.0138446888954092,17.333235893423847,0.029235743473699,0.0111334612897752,0.0058543164700632,0.0366899853349453,0.0132340257380499,0.0233031524744551,2.8205759214405983,C264,22.75938188504691,120.43305142783332,236409.013,2519169.146,5385.164807134504,2000,5000,1,1.050633421518259,63.456375334401,NO,2022-12-31,"{""geodesic"":false,""crs"":{""type"":""name"",""properties"":{""name"":""EPSG:32651""}},""type"":""Polygon"",""coordinates"":[[[236010.71545000002,2518770.8484500004],[236807.31055,2518770.8484500004],[236807.31055,2519567.44355],[236010.71545000002,2519567.44355],[236010.71545000002,2518770.8484500004]]]}"
11,267,0.9003267075210707,120.48897308046162,0.260971692664378,0.1839556865726343,0.2620526189622213,0.7633103139895935,0.6959388971998421,0.7716196891308496,11.778653959765853,32.1219434123046,25.85115744188072,17.331138804659584,0.0197930274575868,25.79265946196953,0.0207970651065194,0.0512714435592273,0.0301374179181197,0.0049054034711771,0.0303482707251568,0.0197104313806179,1.6908968422471895,C268,22.795480240097117,120.4323756612332,236409.013,2523169.146,9219.544457292888,2000,9000,1,1.1647540155558231,63.456375334401,NO,2022-12-31,"{""geodesic"":false,""crs"":{""type"":""name"",""properties"":{""name"":""EPSG:32651""}},""type"":""Polygon"",""coordinates"":[[[236010.71545000002,2522770.8484500004],[236807.31055,2522770.8484500004],[236807.31055,2523567.44355],[236010.71545000002,2523567.44355],[236010.71545000002,2522770.8484500004]]]}"
12,268,0.9708502984983318,112.41982256327256,0.2727022991098267,0.1139844775787023,0.2654542931821317,0.7973419433851936,0.6655616458549597,0.7833966614341448,9.0609379170175,31.605552730173656,27.44159523737428,18.91238528623516,0.0507305635196743,17.723508944780477,0.0325276715519681,0.0186997654347047,0.0335390921380302,0.0389370328667773,2.898061972556043e-05,0.0314874036839131,1.026819200501162,C269,22.804504800380847,120.43220650554149,236409.013,2524169.146,10198.03902718557,2000,10000,1,1.1666240511080066,63.456375334401,NO,2022-12-31,"{""geodesic"":false,""crs"":{""type"":""name"",""properties"":{""name"":""EPSG:32651""}},""type"":""Polygon"",""coordinates"":[[[236010.71545000002,2523770.8484500004],[236807.31055,2523770.8484500004],[236807.31055,2524567.44355],[236010.71545000002,2524567.44355],[236010.71545000002,2523770.8484500004]]]}"
13,151,0.8400974622852713,80.23962238616976,0.2147487826538323,0.1254514106495439,0.2008735833544209,0.7343057933255115,0.6449667479781405,0.7338373541793718,10.839063102904143,31.17442053752563,29.449964066498257,17.63866593090012,0.0800222726933862,14.456691232322328,0.0254258449040262,0.007232832363863,0.0310416176896806,0.0240991171929048,0.0206238784965447,0.0180719035708598,0.751305985385482,C152,22.72249473163106,120.3850853744048,231409.013,2515169.146,3162.2776601683795,-3000,1000,1,1.18077050375492,63.456375334401,NO,2022-12-31,"{""geodesic"":false,""crs"":{""type"":""name"",""properties"":{""name"":""EPSG:32651""}},""type"":""Polygon"",""coordinates"":[[[231010.71545000002,2514770.8484500004],[231807.31055,2514770.8484500004],[231807.31055,2515567.44355],[231010.71545000002,2515567.44355],[231010.71545000002,2514770.8484500004]]]}"
14,145,0.8998237002917313,59.642514492355005,0.2664388449643547,0.1533208547043653,0.2618722951258855,0.7598670864353229,0.6108250813710078,0.7554083281036846,8.61281743265061,28.76445481493474,29.902947412262645,18.694283452607017,0.0202960346869262,35.05379912613708,0.0262642174064962,0.0206366116909583,0.0299570940817839,0.0014621759169065,0.0547655451036774,0.0034990703534529,1.4749396848680512,C146,22.66834866890032,120.38611348091644,231409.013,2509169.146,5830.951894845301,-3000,-5000,1,1.1810362505497034,63.456375334401,NO,2022-12-31,"{""geodesic"":false,""crs"":{""type"":""name"",""properties"":{""name"":""EPSG:32651""}},""type"":""Polygon"",""coordinates"":[[[231010.71545000002,2508770.8484500004],[231807.31055,2508770.8484500004],[231807.31055,2509567.44355],[231010.71545000002,2509567.44355],[231010.71545000002,2508770.8484500004]]]}"
15,240,0.9331834610728638,151.30199651849753,0.2231854606933924,0.1537447582436183,0.2238624049813794,0.7497311313927997,0.7055673867101752,0.7577102277821645,11.917602904239324,30.85854435640097,31.65471396252908,19.75885994091205,0.0130637260942062,56.60568290000545,0.016989166864466,0.0210605152302113,0.0080527960627221,0.0086737791256166,0.0399767602354899,0.0058009700319328,1.8298457867206623,C241,22.759225067560703,120.42332061575472,235409.013,2519169.146,5099.019513592785,1000,5000,1,1.187231291853465,63.456375334401,NO,2022-12-31,"{""geodesic"":false,""crs"":{""type"":""name"",""properties"":{""name"":""EPSG:32651""}},""type"":""Polygon"",""coordinates"":[[[235010.71545000002,2518770.8484500004],[235807.31055,2518770.8484500004],[235807.31055,2519567.44355],[235010.71545000002,2519567.44355],[235010.71545000002,2518770.8484500004]]]}"
16,170,0.8497442016675859,109.9106068405274,0.2433325227095757,0.1635516840018462,0.2503467710795041,0.7365251174123871,0.6247477993685193,0.7245320861546847,9.446214973788525,32.05879190516771,29.567804324008375,17.426280706459412,0.0703755333110716,15.214293222035325,0.0031578951517172,0.0308674409884391,0.0184315700354025,0.0218797931060291,0.0408428271061659,0.0273771715955469,0.6415421437301365,C171,22.68655602702543,120.39549650001332,232409.013,2511169.146,3605.551275463989,-2000,-3000,1,1.2182188665854132,63.456375334401,NO,2022-12-31,"{""geodesic"":false,""crs"":{""type"":""name"",""properties"":{""name"":""EPSG:32651""}},""type"":""Polygon"",""coordinates"":[[[232010.71545000002,2510770.8484500004],[232807.31055,2510770.8484500004],[232807.31055,2511567.44355],[232010.71545000002,2511567.44355],[232010.71545000002,2510770.8484500004]]]}"
17,290,0.8834920319082084,109.79333262063668,0.2147667230040679,0.1678899470765645,0.2401841814412313,0.7197343968451128,0.6485030218975453,0.7377855090693618,12.847275179826733,29.23505082906592,25.15396964777752,15.474739335350725,0.0366277030704491,15.097019002144592,0.0254079045537906,0.0352057040631575,0.0082689803971297,0.0386705136733035,0.0170876045771399,0.0141237486808698,2.7595180623080697,C291,22.79563674068316,120.44210911375475,237409.013,2523169.146,9486.832980505138,3000,9000,1,1.2662764647709193,63.456375334401,NO,2022-12-31,"{""geodesic"":false,""crs"":{""type"":""name"",""properties"":{""name"":""EPSG:32651""}},""type"":""Polygon"",""coordinates"":[[[237010.71545000002,2522770.8484500004],[237807.31055,2522770.8484500004],[237807.31055,2523567.44355],[237010.71545000002,2523567.44355],[237010.71545000002,2522770.8484500004]]]}"
18,178,0.8346026953524972,72.9926334776647,0.2057521645919739,0.1368825323270217,0.2046982835218868,0.7260156347217851,0.664796198918751,0.7376306146771849,10.01343151427961,29.418491509744676,32.06602309754819,18.3648643888802,0.0855170396261603,21.703680140827387,0.0344224629658845,0.0041982893136147,0.0272169175222146,0.0323892757966312,0.000794427555934285,0.0142786430730467,0.0743256032390515,C179,22.758751063683995,120.39412869599752,232409.013,2519169.146,5385.164807134504,-2000,5000,1,1.3149144963317976,63.456375334401,NO,2022-12-31,"{""geodesic"":false,""crs"":{""type"":""name"",""properties"":{""name"":""EPSG:32651""}},""type"":""Polygon"",""coordinates"":[[[232010.71545000002,2518770.8484500004],[232807.31055,2518770.8484500004],[232807.31055,2519567.44355],[232010.71545000002,2519567.44355],[232010.71545000002,2518770.8484500004]]]}"
19,152,0.9723729149763292,111.1067549421694,0.2422531140339831,0.1639618005323477,0.2259135986474303,0.7850054574444301,0.7049299984432983,0.7920696461786499,12.55550333503838,28.629163172702597,33.8312070875819,20.167449499989768,0.0522531799976717,16.41044132367732,0.0020784864761245,0.0312775575189407,0.0060016023966712,0.0266005469260137,0.039339371968613,0.0401603884284182,2.46774621751972,C153,22.7315190355106,120.38491371877764,231409.013,2516169.146,3605.551275463989,-3000,2000,1,1.4650663691406385,63.456375334401,NO,2022-12-31,"{""geodesic"":false,""crs"":{""type"":""name"",""properties"":{""name"":""EPSG:32651""}},""type"":""Polygon"",""coordinates"":[[[231010.71545000002,2515770.8484500004],[231807.31055,2515770.8484500004],[231807.31055,2516567.44355],[231010.71545000002,2516567.44355],[231010.71545000002,2515770.8484500004]]]}"
20,312,0.9027552313678774,71.50808302956187,0.2319144698687799,0.190025105091691,0.2628879834127641,0.7373034898153505,0.6888262989913808,0.7778154925017275,12.751361904655656,27.49080466943957,26.87129565145925,18.235735512125004,0.0173645036107801,23.18823058893021,0.0082601576890786,0.057340862078284,0.0309727823686625,0.0211014207030657,0.0232356725166955,0.0259062347514958,2.663604787136993,C313,22.78676793930391,120.45201044319889,238409.013,2522169.146,8944.27190999916,4000,8000,1,1.502263514331132,63.456375334401,NO,2022-12-31,"{""geodesic"":false,""crs"":{""type"":""name"",""properties"":{""name"":""EPSG:32651""}},""type"":""Polygon"",""coordinates"":[[[238010.71545000002,2521770.8484500004],[238807.31055,2521770.8484500004],[238807.31055,2522567.44355],[238010.71545000002,2522567.44355],[238010.71545000002,2521770.8484500004]]]}"
