system:index,BASEVEG_2022,ELEV_M,NDMI_2020,NDMI_2021,NDMI_2022,NDVI_2020,NDVI_2021,NDVI_2022,SLOPE_DEG,VALID_2020,VALID_2021,VALID_2022,abs_diff_BASEVEG_2022,abs_diff_ELEV_M,abs_diff_NDMI_2020,abs_diff_NDMI_2021,abs_diff_NDMI_2022,abs_diff_NDVI_2020,abs_diff_NDVI_2021,abs_diff_NDVI_2022,abs_diff_SLOPE_DEG,candidate_id,center_lat,center_lon,center_x_utm51n,center_y_utm51n,distance_from_sc0002_m,dx_m,dy_m,match_pass,match_score,nominal_square_area_ha,outcome_data_used_for_ranking,selection_data_end,.geo
161,0.911000471492034,82.5303556211676,0.22474681846151734,0.1279548500058455,0.23063908076796352,0.744678514282215,0.6733919433104604,0.7602841756411114,8.666109562253308,34.382554918316906,34.419878178322804,23.666552552823457,0.009119263486623508,12.165957997324483,0.0154278090963412,0.004729393007561505,0.0012761202761380208,0.01372639623620131,0.007801316835775118,0.00837491789087974,1.4216475552653538,C162,22.81273725638963,120.38336489647324,231409.013,2525169.146,11401.75425099138,-3000,11000,1,0.25179461030810835,63.456375334400995,NO,2022-12-31,"{""geodesic"":false,""crs"":{""type"":""name"",""properties"":{""name"":""EPSG:32651""}},""type"":""Polygon"",""coordinates"":[[[231010.71545000002,2524770.8484500004],[231807.31055,2524770.8484500004],[231807.31055,2525567.44355],[231010.71545000002,2525567.44355],[231010.71545000002,2524770.8484500004]]]}"
184,0.9049464643349953,85.95609624369779,0.23919045112512038,0.16436649820250984,0.25046561842049825,0.735227387582741,0.6908780223863146,0.7636880801197189,9.643411351681136,35.27066979676407,32.66530924748514,17.380582437879543,0.015173270643662251,8.740217374794298,9.841764327381541E-4,0.03168225518910284,0.018550417376396705,0.02317752293567532,0.025287395911629318,0.01177882236948724,0.44434576583752516,C185,22.81289686183826,120.39309919668925,232409.013,2525169.146,11180.339887498949,-2000,11000,1,0.46523159556191346,63.456375334400995,NO,2022-12-31,"{""geodesic"":false,""crs"":{""type"":""name"",""properties"":{""name"":""EPSG:32651""}},""type"":""Polygon"",""coordinates"":[[[232010.71545000002,2524770.8484500004],[232807.31055,2524770.8484500004],[232807.31055,2525567.44355],[232010.71545000002,2525567.44355],[232010.71545000002,2524770.8484500004]]]}"
171,0.879261580443771,115.94321888785969,0.24329682114223736,0.150114142217939,0.24614015036847547,0.7337777280194916,0.6425296665691222,0.7437263497999734,10.215358901421965,30.361401425104745,30.274910753293494,17.650564461859503,0.040858154534886504,21.246905269367602,0.0031221935843788184,0.017429899204532,0.014224949324373931,0.024627182498924705,0.023060959905563005,0.008182907950258222,0.12760178390330346,C172,22.69558044649453,120.39532582798383,232409.013,2512169.146,2828.42712474619,-2000,-2000,1,0.5171428888591972,63.456375334400995,NO,2022-12-31,"{""geodesic"":false,""crs"":{""type"":""name"",""properties"":{""name"":""EPSG:32651""}},""type"":""Polygon"",""coordinates"":[[[232010.71545000002,2511770.8484500004],[232807.31055,2511770.8484500004],[232807.31055,2512567.44355],[232010.71545000002,2512567.44355],[232010.71545000002,2511770.8484500004]]]}"
175,0.8615166718471055,96.41318830576161,0.24411351930089029,0.1372879494403249,0.2299495089437379,0.7479548364861508,0.6436049485898604,0.7292369864787919,9.62988869471155,28.75452938235777,31.680339523700322,20.10867736906207,0.05860306313155206,1.7168746872695237,0.003938891743031747,0.004603706426917903,0.001965692100363653,0.0104500740322655,0.02198567788482486,0.02267227127143978,0.4578684228071115,C176,22.731678010447084,120.39464227305545,232409.013,2516169.146,2828.42712474619,-2000,2000,1,0.5363053489651299,63.456375334400995,NO,2022-12-31,"{""geodesic"":false,""crs"":{""type"":""name"",""properties"":{""name"":""EPSG:32651""}},""type"":""Polygon"",""coordinates"":[[[232010.71545000002,2515770.8484500004],[232807.31055,2515770.8484500004],[232807.31055,2516567.44355],[232010.71545000002,2516567.44355],[232010.71545000002,2515770.8484500004]]]}"
221,0.8719482013783872,80.61487752021114,0.2332701675419998,0.15001221808558507,0.20277863448680408,0.7540585218253019,0.690163571097839,0.7388461050911008,8.843950319659905,27.254931973524734,31.619472559225336,15.401112424587561,0.04817153360027027,14.081436098280946,0.006904460015858732,0.017327975072178065,0.02913656655729746,0.0043463886931144335,0.024572944623153736,0.013063152659130828,1.2438067978587561,C222,22.77711658189245,120.41324962396575,234409.013,2521169.146,7000,0,7000,1,0.6749660652159561,63.456375334400995,NO,2022-12-31,"{""geodesic"":false,""crs"":{""type"":""name"",""properties"":{""name"":""EPSG:32651""}},""type"":""Polygon"",""coordinates"":[[[234010.71545000002,2520770.8484500004],[234807.31055,2520770.8484500004],[234807.31055,2521567.44355],[234010.71545000002,2521567.44355],[234010.71545000002,2520770.8484500004]]]}"
128,0.945431130956758,98.70231179403636,0.2151872294055655,0.1266904514095707,0.21567716330334644,0.7547848100729955,0.657732904503992,0.7765553287337007,12.69130528616328,29.899993017221437,28.466603471491418,18.756534613880124,0.025311395978100504,4.005998175544278,0.024987398152293033,0.005993791603836313,0.016238037740755107,0.0036201004454208263,0.007857721970693232,0.02464607098346905,2.6035481686446182,C129,22.72233523591619,120.37535754400412,230409.013,2515169.146,4123.105625617661,-4000,1000,1,0.7415497265258386,63.456375334400995,NO,2022-12-31,"{""geodesic"":false,""crs"":{""type"":""name"",""properties"":{""name"":""EPSG:32651""}},""type"":""Polygon"",""coordinates"":[[[230010.71545000002,2514770.8484500004],[230807.31055,2514770.8484500004],[230807.31055,2515567.44355],[230010.71545000002,2515567.44355],[230010.71545000002,2514770.8484500004]]]}"
220,0.8849417308763007,118.30196562124777,0.23321065087948667,0.13324784923527966,0.2110471166462486,0.7538428043803839,0.6686414752230642,0.7441584180633685,12.727164368617993,26.49070209056973,33.05086367082809,15.671015969552604,0.03517800410235683,23.60565200275569,0.006963976678371869,5.636062218726534E-4,0.020868084397852954,0.004562106138032429,0.0030508487483789093,0.007750839686863187,2.639407251099332,C221,22.768092125725605,120.4134197998595,234409.013,2520169.146,6000,0,6000,1,0.747979839198422,63.456375334400995,NO,2022-12-31,"{""geodesic"":false,""crs"":{""type"":""name"",""properties"":{""name"":""EPSG:32651""}},""type"":""Polygon"",""coordinates"":[[[234010.71545000002,2519770.8484500004],[234807.31055,2519770.8484500004],[234807.31055,2520567.44355],[234010.71545000002,2520567.44355],[234010.71545000002,2519770.8484500004]]]}"
176,0.861603802091991,81.6765997205652,0.2084841803139412,0.12376171371515815,0.21683899731140838,0.7333156224792996,0.6420201319099168,0.7450026562784715,11.331964059013815,30.068624028049747,31.047987754801877,21.99773832130297,0.058515932886666566,13.019713897926877,0.03169044724391734,0.008922529298248855,0.015076203732693166,0.025089288039116697,0.02357049456476845,0.006906601471760143,1.244206941495154,C177,22.740702372935072,120.3944711674939,232409.013,2517169.146,3605.5512754639894,-2000,3000,1,0.8667892619811935,63.456375334400995,NO,2022-12-31,"{""geodesic"":false,""crs"":{""type"":""name"",""properties"":{""name"":""EPSG:32651""}},""type"":""Polygon"",""coordinates"":[[[232010.71545000002,2516770.8484500004],[232807.31055,2516770.8484500004],[232807.31055,2517567.44355],[232010.71545000002,2517567.44355],[232010.71545000002,2516770.8484500004]]]}"
289,0.901697309529268,126.41355660098104,0.18560961597697775,0.13929066610297108,0.21001611144215146,0.7231086169569009,0.6588037149251962,0.7386078855324648,10.815421140505999,29.76459138077953,28.326278667240917,17.88033804063235,0.018422425449389546,31.717242982488955,0.054565011580880785,0.0066064230895640785,0.021899089601950084,0.035296293561515424,0.006786911549489072,0.013301372217766838,0.7276640229873372,C290,22.786612100231356,120.44227754459433,237409.013,2522169.146,8544.003745317532,3000,8000,1,1.022337966050791,63.456375334400995,NO,2022-12-31,"{""geodesic"":false,""crs"":{""type"":""name"",""properties"":{""name"":""EPSG:32651""}},""type"":""Polygon"",""coordinates"":[[[237010.71545000002,2521770.8484500004],[237807.31055,2521770.8484500004],[237807.31055,2522567.44355],[237010.71545000002,2522567.44355],[237010.71545000002,2521770.8484500004]]]}"
263,0.9062750460832483,112.02954951191593,0.21093888408415945,0.14381770430318222,0.22606088457403833,0.7217149251834709,0.6523566007366353,0.7286061052757765,12.90833303895926,26.527483412811325,28.897755438379427,23.15501088510123,0.01384468889540924,17.333235893423847,0.02923574347369909,0.011133461289775215,0.005854316470063209,0.036689985334945385,0.013234025738049993,0.023303152474455135,2.8205759214405983,C264,22.75938188504691,120.43305142783332,236409.013,2519169.146,5385.164807134504,2000,5000,1,1.050633421518259,63.456375334400995,NO,2022-12-31,"{""geodesic"":false,""crs"":{""type"":""name"",""properties"":{""name"":""EPSG:32651""}},""type"":""Polygon"",""coordinates"":[[[236010.71545000002,2518770.8484500004],[236807.31055,2518770.8484500004],[236807.31055,2519567.44355],[236010.71545000002,2519567.44355],[236010.71545000002,2518770.8484500004]]]}"
267,0.9003267075210707,120.48897308046162,0.260971692664378,0.18395568657263434,0.2620526189622213,0.7633103139895935,0.6959388971998421,0.7716196891308496,11.778653959765851,32.121943412304596,25.85115744188072,17.331138804659584,0.01979302745758682,25.792659461969535,0.020797065106519436,0.05127144355922733,0.030137417918119774,0.004905403471177183,0.03034827072515689,0.0197104313806179,1.6908968422471897,C268,22.795480240097113,120.4323756612332,236409.013,2523169.146,9219.544457292888,2000,9000,1,1.1647540155558231,63.456375334400995,NO,2022-12-31,"{""geodesic"":false,""crs"":{""type"":""name"",""properties"":{""name"":""EPSG:32651""}},""type"":""Polygon"",""coordinates"":[[[236010.71545000002,2522770.8484500004],[236807.31055,2522770.8484500004],[236807.31055,2523567.44355],[236010.71545000002,2523567.44355],[236010.71545000002,2522770.8484500004]]]}"
268,0.9708502984983318,112.41982256327256,0.2727022991098267,0.1139844775787023,0.26545429318213176,0.7973419433851936,0.6655616458549597,0.7833966614341448,9.0609379170175,31.605552730173656,27.44159523737428,18.91238528623516,0.05073056351967431,17.723508944780477,0.032527671551968146,0.01869976543470471,0.03353909213803022,0.0389370328667773,2.898061972556043E-5,0.03148740368391312,1.026819200501162,C269,22.804504800380847,120.43220650554147,236409.013,2524169.146,10198.03902718557,2000,10000,1,1.1666240511080066,63.456375334400995,NO,2022-12-31,"{""geodesic"":false,""crs"":{""type"":""name"",""properties"":{""name"":""EPSG:32651""}},""type"":""Polygon"",""coordinates"":[[[236010.71545000002,2523770.8484500004],[236807.31055,2523770.8484500004],[236807.31055,2524567.44355],[236010.71545000002,2524567.44355],[236010.71545000002,2523770.8484500004]]]}"
151,0.8400974622852713,80.23962238616976,0.21474878265383232,0.12545141064954393,0.2008735833544209,0.7343057933255115,0.6449667479781405,0.7338373541793718,10.839063102904143,31.17442053752563,29.449964066498257,17.63866593090012,0.08002227269338624,14.456691232322328,0.025425844904026218,0.007232832363863073,0.03104161768968064,0.024099117192904806,0.02062387849654479,0.01807190357085986,0.751305985385482,C152,22.72249473163106,120.3850853744048,231409.013,2515169.146,3162.2776601683795,-3000,1000,1,1.18077050375492,63.456375334400995,NO,2022-12-31,"{""geodesic"":false,""crs"":{""type"":""name"",""properties"":{""name"":""EPSG:32651""}},""type"":""Polygon"",""coordinates"":[[[231010.71545000002,2514770.8484500004],[231807.31055,2514770.8484500004],[231807.31055,2515567.44355],[231010.71545000002,2515567.44355],[231010.71545000002,2514770.8484500004]]]}"
145,0.8998237002917313,59.642514492355005,0.26643884496435477,0.15332085470436535,0.2618722951258855,0.7598670864353229,0.6108250813710078,0.7554083281036846,8.61281743265061,28.76445481493474,29.902947412262645,18.694283452607017,0.0202960346869262,35.05379912613708,0.026264217406496232,0.020636611690958345,0.029957094081783958,0.0014621759169065607,0.05476554510367748,0.003499070353452982,1.4749396848680512,C146,22.66834866890032,120.38611348091645,231409.013,2509169.146,5830.951894845301,-3000,-5000,1,1.1810362505497034,63.456375334400995,NO,2022-12-31,"{""geodesic"":false,""crs"":{""type"":""name"",""properties"":{""name"":""EPSG:32651""}},""type"":""Polygon"",""coordinates"":[[[231010.71545000002,2508770.8484500004],[231807.31055,2508770.8484500004],[231807.31055,2509567.44355],[231010.71545000002,2509567.44355],[231010.71545000002,2508770.8484500004]]]}"
240,0.9331834610728638,151.30199651849753,0.22318546069339246,0.15374475824361836,0.22386240498137944,0.7497311313927997,0.7055673867101752,0.7577102277821645,11.917602904239324,30.85854435640097,31.65471396252908,19.75885994091205,0.013063726094206252,56.60568290000545,0.016989166864466082,0.021060515230211352,0.008052796062722106,0.00867377912561662,0.039976760235489905,0.005800970031932806,1.8298457867206626,C241,22.759225067560706,120.42332061575473,235409.013,2519169.146,5099.019513592785,1000,5000,1,1.1872312918534653,63.456375334400995,NO,2022-12-31,"{""geodesic"":false,""crs"":{""type"":""name"",""properties"":{""name"":""EPSG:32651""}},""type"":""Polygon"",""coordinates"":[[[235010.71545000002,2518770.8484500004],[235807.31055,2518770.8484500004],[235807.31055,2519567.44355],[235010.71545000002,2519567.44355],[235010.71545000002,2518770.8484500004]]]}"
170,0.8497442016675859,109.91060684052741,0.24333252270957575,0.1635516840018462,0.2503467710795041,0.7365251174123871,0.6247477993685193,0.7245320861546847,9.446214973788525,32.05879190516771,29.567804324008378,17.426280706459412,0.0703755333110716,15.214293222035323,0.003157895151717216,0.030867440988439188,0.01843157003540255,0.021879793106029166,0.040842827106165935,0.02737717159554698,0.6415421437301365,C171,22.68655602702543,120.39549650001332,232409.013,2511169.146,3605.5512754639894,-2000,-3000,1,1.2182188665854132,63.456375334400995,NO,2022-12-31,"{""geodesic"":false,""crs"":{""type"":""name"",""properties"":{""name"":""EPSG:32651""}},""type"":""Polygon"",""coordinates"":[[[232010.71545000002,2510770.8484500004],[232807.31055,2510770.8484500004],[232807.31055,2511567.44355],[232010.71545000002,2511567.44355],[232010.71545000002,2510770.8484500004]]]}"
290,0.8834920319082084,109.79333262063668,0.2147667230040679,0.16788994707656454,0.2401841814412313,0.7197343968451128,0.6485030218975453,0.7377855090693618,12.847275179826731,29.23505082906592,25.15396964777752,15.474739335350723,0.03662770307044916,15.097019002144592,0.025407904553790633,0.03520570406315754,0.008268980397129755,0.03867051367330354,0.01708760457713998,0.014123748680869852,2.7595180623080697,C291,22.795636740683157,120.44210911375475,237409.013,2523169.146,9486.832980505138,3000,9000,1,1.2662764647709193,63.456375334400995,NO,2022-12-31,"{""geodesic"":false,""crs"":{""type"":""name"",""properties"":{""name"":""EPSG:32651""}},""type"":""Polygon"",""coordinates"":[[[237010.71545000002,2522770.8484500004],[237807.31055,2522770.8484500004],[237807.31055,2523567.44355],[237010.71545000002,2523567.44355],[237010.71545000002,2522770.8484500004]]]}"
178,0.8346026953524972,72.9926334776647,0.20575216459197396,0.13688253232702177,0.20469828352188688,0.7260156347217851,0.664796198918751,0.7376306146771849,10.01343151427961,29.418491509744673,32.06602309754819,18.364864388880196,0.08551703962616031,21.703680140827387,0.03442246296588458,0.004198289313614767,0.027216917522214668,0.0323892757966312,7.94427555934285E-4,0.014278643073046715,0.07432560323905157,C179,22.758751063683995,120.39412869599751,232409.013,2519169.146,5385.164807134504,-2000,5000,1,1.3149144963317976,63.456375334400995,NO,2022-12-31,"{""geodesic"":false,""crs"":{""type"":""name"",""properties"":{""name"":""EPSG:32651""}},""type"":""Polygon"",""coordinates"":[[[232010.71545000002,2518770.8484500004],[232807.31055,2518770.8484500004],[232807.31055,2519567.44355],[232010.71545000002,2519567.44355],[232010.71545000002,2518770.8484500004]]]}"
152,0.9723729149763293,111.1067549421694,0.2422531140339831,0.16396180053234774,0.2259135986474303,0.7850054574444301,0.7049299984432983,0.7920696461786499,12.555503335038381,28.629163172702594,33.8312070875819,20.167449499989768,0.05225317999767176,16.41044132367732,0.0020784864761245747,0.031277557518940735,0.006001602396671246,0.02660054692601377,0.039339371968613035,0.04016038842841829,2.4677462175197196,C153,22.731519035510598,120.38491371877763,231409.013,2516169.146,3605.5512754639894,-3000,2000,1,1.4650663691406383,63.456375334400995,NO,2022-12-31,"{""geodesic"":false,""crs"":{""type"":""name"",""properties"":{""name"":""EPSG:32651""}},""type"":""Polygon"",""coordinates"":[[[231010.71545000002,2515770.8484500004],[231807.31055,2515770.8484500004],[231807.31055,2516567.44355],[231010.71545000002,2516567.44355],[231010.71545000002,2515770.8484500004]]]}"
312,0.9027552313678774,71.50808302956187,0.2319144698687799,0.19002510509169102,0.2628879834127641,0.7373034898153505,0.6888262989913808,0.7778154925017275,12.751361904655655,27.49080466943957,26.87129565145925,18.235735512125004,0.017364503610780124,23.18823058893021,0.008260157689078645,0.05734086207828401,0.03097278236866255,0.021101420703065754,0.02323567251669556,0.025906234751495893,2.6636047871369932,C313,22.78676793930391,120.45201044319887,238409.013,2522169.146,8944.27190999916,4000,8000,1,1.502263514331132,63.456375334400995,NO,2022-12-31,"{""geodesic"":false,""crs"":{""type"":""name"",""properties"":{""name"":""EPSG:32651""}},""type"":""Polygon"",""coordinates"":[[[238010.71545000002,2521770.8484500004],[238807.31055,2521770.8484500004],[238807.31055,2522567.44355],[238010.71545000002,2522567.44355],[238010.71545000002,2521770.8484500004]]]}"
